City,Price_EGP,Rating,Reviews,Link
Barcelona,9147,New,0,https://www.airbnb.com/rooms/1540075047176453153
Barcelona,15981,5.0,4,https://www.airbnb.com/rooms/1011688349919294749
Barcelona,9589,4.92,13,https://www.airbnb.com/rooms/1544961390174146724
Barcelona,8683,5.0,5,https://www.airbnb.com/rooms/1491959272532158821
Barcelona,7484,4.74,123,https://www.airbnb.com/rooms/1148647496137216055
Barcelona,9205,4.75,337,https://www.airbnb.com/rooms/32571410
Barcelona,15278,4.96,156,https://www.airbnb.com/rooms/654164495421642086
Barcelona,9333,4.79,75,https://www.airbnb.com/rooms/1321966101323673786
Barcelona,14063,4.84,68,https://www.airbnb.com/rooms/1136116957541931543
Barcelona,9333,4.65,52,https://www.airbnb.com/rooms/1322418526589928200
Barcelona,7991,4.52,48,https://www.airbnb.com/rooms/1374785564468132048
Barcelona,9589,4.0,6,https://www.airbnb.com/rooms/1302005815319691172
Barcelona,11187,New,0,https://www.airbnb.com/rooms/1544823567330967301
Barcelona,7940,New,0,https://www.airbnb.com/rooms/1568394153267671193
Barcelona,8822,New,0,https://www.airbnb.com/rooms/1527450528806027352
Barcelona,9589,4.68,22,https://www.airbnb.com/rooms/1166540450589746485
Barcelona,9333,4.78,23,https://www.airbnb.com/rooms/28662864
Barcelona,10867,4.87,15,https://www.airbnb.com/rooms/1322355446652980391
Barcelona,11174,5.0,9,https://www.airbnb.com/rooms/1529461323070349122
Barcelona,8950,4.88,32,https://www.airbnb.com/rooms/1458503124255262112
Barcelona,13104,5.0,4,https://www.airbnb.com/rooms/1543461556634306910
Barcelona,9589,4.92,123,https://www.airbnb.com/rooms/1007808716810761341
Barcelona,7084,4.78,142,https://www.airbnb.com/rooms/1134584414286515637
Barcelona,9589,4.83,72,https://www.airbnb.com/rooms/1322010717120001653
Barcelona,9333,4.78,77,https://www.airbnb.com/rooms/1321961564109345168
Barcelona,13424,4.9,29,https://www.airbnb.com/rooms/1463994034254739140
Barcelona,13424,4.8,10,https://www.airbnb.com/rooms/1518199591691878307
Barcelona,11762,5.0,4,https://www.airbnb.com/rooms/1404877859873517902
Barcelona,26848,4.83,6,https://www.airbnb.com/rooms/1542761081974322935
Barcelona,11698,4.83,236,https://www.airbnb.com/rooms/903310566793153888
Barcelona,19045,New,0,https://www.airbnb.com/rooms/1547690307592162639
Barcelona,11187,4.63,30,https://www.airbnb.com/rooms/1166541946306801142
Barcelona,11187,New,0,https://www.airbnb.com/rooms/1469510858024181417
Barcelona,10164,New,0,https://www.airbnb.com/rooms/36268648
Barcelona,9589,4.67,27,https://www.airbnb.com/rooms/1166527852276074851
Barcelona,6393,,0,https://www.airbnb.com/rooms/1524143963167493132
Barcelona,9589,4.77,30,https://www.airbnb.com/rooms/647117274000004693
Barcelona,12785,4.98,58,https://www.airbnb.com/rooms/966484139683100743
Barcelona,14703,5.0,3,https://www.airbnb.com/rooms/1547865452609951816
Barcelona,22966,New,0,https://www.airbnb.com/rooms/1568973277489757263
Barcelona,6000,4.47,833,https://www.airbnb.com/rooms/1395616579066520047
Barcelona,8935,4.7,10,https://www.airbnb.com/rooms/1150749414787336366
Barcelona,9589,4.89,9,https://www.airbnb.com/rooms/1544970391380243667
Barcelona,12529,4.75,24,https://www.airbnb.com/rooms/1463947293317767206
Barcelona,8985,4.85,13,https://www.airbnb.com/rooms/1438367482464979001
Barcelona,8630,4.56,100,https://www.airbnb.com/rooms/843583628506984374
Barcelona,8246,5.0,6,https://www.airbnb.com/rooms/1486237106510524130
Barcelona,9589,4.6,48,https://www.airbnb.com/rooms/1439873687220607180
Barcelona,12146,4.91,340,https://www.airbnb.com/rooms/27127886
Barcelona,9589,4.66,99,https://www.airbnb.com/rooms/1126153886430778614
Barcelona,7282,4.63,178,https://www.airbnb.com/rooms/1081106888283937930
Barcelona,19045,New,0,https://www.airbnb.com/rooms/1547691700545194088
Barcelona,7352,5.0,5,https://www.airbnb.com/rooms/45510539
Barcelona,14063,New,0,https://www.airbnb.com/rooms/1573973785873262141
Barcelona,13424,4.6,15,https://www.airbnb.com/rooms/1302000375810060014
Barcelona,15661,5.0,3,https://www.airbnb.com/rooms/1529513874247982237
Barcelona,11187,4.89,217,https://www.airbnb.com/rooms/929475558607641561
Barcelona,9461,4.81,21,https://www.airbnb.com/rooms/1476666963730392622
Barcelona,8055,4.67,18,https://www.airbnb.com/rooms/1472657634656839852
Barcelona,21734,4.71,217,https://www.airbnb.com/rooms/43918687
Barcelona,12785,4.72,32,https://www.airbnb.com/rooms/1453649872104342972
Barcelona,11826,4.67,112,https://www.airbnb.com/rooms/724624896917696602
Barcelona,10228,4.76,17,https://www.airbnb.com/rooms/48316428
Barcelona,9589,4.89,9,https://www.airbnb.com/rooms/1322019541191564488
Barcelona,9589,4.5,12,https://www.airbnb.com/rooms/1491237434468765749
Barcelona,7671,4.56,104,https://www.airbnb.com/rooms/790496430265031624
Barcelona,13462,5.0,6,https://www.airbnb.com/rooms/1523877113578096009
Barcelona,9589,4.58,62,https://www.airbnb.com/rooms/1321969011969578418
Barcelona,30881,4.92,380,https://www.airbnb.com/rooms/21719962
Barcelona,19045,New,0,https://www.airbnb.com/rooms/1547684773729058487
Barcelona,6252,4.7,281,https://www.airbnb.com/rooms/1381830149578594250
Barcelona,6393,4.45,40,https://www.airbnb.com/rooms/1254340701547926286
Barcelona,11826,4.78,432,https://www.airbnb.com/rooms/13060086
Barcelona,13999,New,0,https://www.airbnb.com/rooms/1550928141896338037
Barcelona,10013,New,0,https://www.airbnb.com/rooms/1566577526113811024
Barcelona,25250,New,0,https://www.airbnb.com/rooms/1569356457249893249
Barcelona,10228,4.56,9,https://www.airbnb.com/rooms/1249933722076698596
Barcelona,27111,4.81,304,https://www.airbnb.com/rooms/17151374
Barcelona,12476,New,0,https://www.airbnb.com/rooms/1539283005782435129
Barcelona,19816,4.75,290,https://www.airbnb.com/rooms/35378233
Barcelona,10874,4.79,80,https://www.airbnb.com/rooms/972368131833350601
Barcelona,16876,4.95,112,https://www.airbnb.com/rooms/969683313495052679
Barcelona,11251,,0,https://www.airbnb.com/rooms/1404898891067582338
Barcelona,15125,New,0,https://www.airbnb.com/rooms/1488487302338197491
Barcelona,15188,3.8,5,https://www.airbnb.com/rooms/1413012080829067960
Barcelona,22693,4.78,665,https://www.airbnb.com/rooms/744153
Barcelona,11187,4.54,54,https://www.airbnb.com/rooms/1322479668408497317
Barcelona,12146,4.91,301,https://www.airbnb.com/rooms/13310529
Barcelona,24143,4.76,1463,https://www.airbnb.com/rooms/47043666
Barcelona,4426,4.0,8,https://www.airbnb.com/rooms/1168760836088431969
Barcelona,27167,4.79,307,https://www.airbnb.com/rooms/17151393
Barcelona,28765,5.0,12,https://www.airbnb.com/rooms/1473165027522642542
Barcelona,17259,4.94,48,https://www.airbnb.com/rooms/36625968
Barcelona,13424,4.83,12,https://www.airbnb.com/rooms/1518219859290234061
Barcelona,22693,4.7,258,https://www.airbnb.com/rooms/43865087
Barcelona,16473,4.81,27,https://www.airbnb.com/rooms/1326725326505465825
Barcelona,14703,4.86,49,https://www.airbnb.com/rooms/980560771610249293
Barcelona,11500,4.65,17,https://www.airbnb.com/rooms/1462829821712570847
Barcelona,13041,4.51,41,https://www.airbnb.com/rooms/1308697511464976665
Barcelona,9972,4.92,12,https://www.airbnb.com/rooms/1041386548612129135
Tokyo,6949,New,0,https://www.airbnb.com/rooms/1560097384835640094
Tokyo,9409,4.8,15,https://www.airbnb.com/rooms/1486859550467930933
Tokyo,11724,4.87,62,https://www.airbnb.com/rooms/681334706469152654
Tokyo,9820,5.0,6,https://www.airbnb.com/rooms/1507839837503529341
Tokyo,10353,4.78,64,https://www.airbnb.com/rooms/45659223
Tokyo,13264,4.82,467,https://www.airbnb.com/rooms/54059823
Tokyo,10810,4.9,10,https://www.airbnb.com/rooms/1423016653645144140
Tokyo,14616,5.0,21,https://www.airbnb.com/rooms/1458002908020908599
Tokyo,13246,4.82,90,https://www.airbnb.com/rooms/973641535414191823
Tokyo,9980,5.0,3,https://www.airbnb.com/rooms/1507836646500197066
Tokyo,12388,5.0,3,https://www.airbnb.com/rooms/1371468517779192957
Tokyo,14595,4.92,156,https://www.airbnb.com/rooms/1031648675235927466
Tokyo,13552,5.0,7,https://www.airbnb.com/rooms/1406355068717088950
Tokyo,8861,4.88,42,https://www.airbnb.com/rooms/1384592061652573750
Tokyo,11906,New,0,https://www.airbnb.com/rooms/1536682715725794964
Tokyo,17113,4.91,35,https://www.airbnb.com/rooms/1552008514526567970
Tokyo,11653,New,0,https://www.airbnb.com/rooms/1556135236652822911
Tokyo,13382,4.8,10,https://www.airbnb.com/rooms/1208419935632160180
Tokyo,10841,4.76,234,https://www.airbnb.com/rooms/26349236
Tokyo,9478,5.0,4,https://www.airbnb.com/rooms/1440236785128977109
Tokyo,14580,5.0,3,https://www.airbnb.com/rooms/1527882653029506592
Tokyo,6949,New,0,https://www.airbnb.com/rooms/1560105260525810290
Tokyo,9501,,0,https://www.airbnb.com/rooms/1507834496635778935
Tokyo,13246,4.89,91,https://www.airbnb.com/rooms/970573957919152500
Tokyo,14921,5.0,20,https://www.airbnb.com/rooms/1458021427248800312
Tokyo,18302,5.0,16,https://www.airbnb.com/rooms/1467191731116302403
Tokyo,15986,New,0,https://www.airbnb.com/rooms/1563602704314446852
Tokyo,13362,5.0,4,https://www.airbnb.com/rooms/1511341128973499442
Tokyo,14007,4.88,17,https://www.airbnb.com/rooms/1441764992240966057
Tokyo,14753,4.88,8,https://www.airbnb.com/rooms/1441808596322342676
Tokyo,12789,4.77,71,https://www.airbnb.com/rooms/925060646044386460
Tokyo,11734,New,0,https://www.airbnb.com/rooms/1562775652343015195
Tokyo,14921,,0,https://www.airbnb.com/rooms/1475744912612212762
Tokyo,17976,5.0,5,https://www.airbnb.com/rooms/1513576591384055124
Tokyo,12847,5.0,7,https://www.airbnb.com/rooms/1526616846241319660
Tokyo,13226,New,0,https://www.airbnb.com/rooms/1571437857416054430
Tokyo,11115,4.78,208,https://www.airbnb.com/rooms/15697290
Tokyo,6547,5.0,4,https://www.airbnb.com/rooms/1535536596981231292
Tokyo,11998,5.0,8,https://www.airbnb.com/rooms/1549140803236414382
Tokyo,14631,5.0,3,https://www.airbnb.com/rooms/1517688639384068300
Tokyo,15043,New,0,https://www.airbnb.com/rooms/1541681487592187953
Tokyo,13437,4.93,27,https://www.airbnb.com/rooms/1417793069945304928
Tokyo,8222,New,0,https://www.airbnb.com/rooms/1560107816067853147
Tokyo,13246,4.86,72,https://www.airbnb.com/rooms/973605370131121476
Tokyo,14007,5.0,7,https://www.airbnb.com/rooms/1457993696486670534
Tokyo,11571,4.86,49,https://www.airbnb.com/rooms/813736955691194119
Tokyo,13276,5.0,6,https://www.airbnb.com/rooms/1451200657683417486
Tokyo,13373,4.74,145,https://www.airbnb.com/rooms/814846338538222340
Tokyo,17460,New,0,https://www.airbnb.com/rooms/1525712516137577152
Tokyo,15324,4.97,29,https://www.airbnb.com/rooms/1312364299055528709
Tokyo,21366,5.0,8,https://www.airbnb.com/rooms/1513404450240528657
Tokyo,11716,,0,https://www.airbnb.com/rooms/1500065043578156066
Tokyo,14307,4.97,232,https://www.airbnb.com/rooms/1158686784698846431
Tokyo,11676,4.68,19,https://www.airbnb.com/rooms/1405922597957315901
Tokyo,14921,5.0,6,https://www.airbnb.com/rooms/1499040741256481167
Tokyo,13363,5.0,5,https://www.airbnb.com/rooms/1538904082674666591
Tokyo,15869,4.9,10,https://www.airbnb.com/rooms/1482242702507938195
Tokyo,12530,4.84,101,https://www.airbnb.com/rooms/902606823996343951
Tokyo,10299,5.0,4,https://www.airbnb.com/rooms/1493171519011549338
Tokyo,8578,4.82,61,https://www.airbnb.com/rooms/1022721586546751640
Tokyo,8269,4.87,121,https://www.airbnb.com/rooms/23844768
Tokyo,7765,,0,https://www.airbnb.com/rooms/1532286476083462443
Tokyo,19981,4.93,81,https://www.airbnb.com/rooms/994137920703898390
Tokyo,7637,5.0,5,https://www.airbnb.com/rooms/1560101790963379570
Tokyo,14616,5.0,12,https://www.airbnb.com/rooms/1457170720085292687
Tokyo,9066,5.0,5,https://www.airbnb.com/rooms/1406297717294294751
Tokyo,13734,5.0,6,https://www.airbnb.com/rooms/1456123654642091829
Tokyo,19566,4.99,82,https://www.airbnb.com/rooms/1495596193139647608
Tokyo,16595,4.85,27,https://www.airbnb.com/rooms/1396249426781880091
Tokyo,15325,5.0,35,https://www.airbnb.com/rooms/1312431958549987252
Tokyo,13737,5.0,3,https://www.airbnb.com/rooms/1480863043691364895
Tokyo,13155,4.93,15,https://www.airbnb.com/rooms/1404832778108425619
Tokyo,10947,,0,https://www.airbnb.com/rooms/1451913967956279209
Tokyo,13840,4.81,158,https://www.airbnb.com/rooms/39482731
Tokyo,15985,4.94,156,https://www.airbnb.com/rooms/22977688
Tokyo,14312,New,0,https://www.airbnb.com/rooms/1532243539630923670
Tokyo,14007,5.0,11,https://www.airbnb.com/rooms/1430259867149052394
Tokyo,12847,4.9,10,https://www.airbnb.com/rooms/1526584579414795151
Tokyo,9841,4.98,41,https://www.airbnb.com/rooms/1199676641524799169
Tokyo,10849,4.85,62,https://www.airbnb.com/rooms/983716635673795697
Tokyo,14034,4.95,231,https://www.airbnb.com/rooms/1158855729838498492
Tokyo,13413,5.0,3,https://www.airbnb.com/rooms/1541731088074344619
Tokyo,16180,4.88,16,https://www.airbnb.com/rooms/1400401209823025086
Tokyo,11467,,0,https://www.airbnb.com/rooms/1517047655187931312
Tokyo,14616,4.86,7,https://www.airbnb.com/rooms/1457180726535982464
Tokyo,8405,New,0,https://www.airbnb.com/rooms/1560118402629036101
Tokyo,15335,5.0,3,https://www.airbnb.com/rooms/1378603902113292652
Tokyo,13900,New,0,https://www.airbnb.com/rooms/1547680328429207804
Tokyo,14768,5.0,62,https://www.airbnb.com/rooms/1315922758788988537
Tokyo,15046,4.86,201,https://www.airbnb.com/rooms/47131567
Tokyo,14159,5.0,3,https://www.airbnb.com/rooms/1432478606790694810
Tokyo,17445,4.89,9,https://www.airbnb.com/rooms/1378000056146390555
Tokyo,9744,4.83,101,https://www.airbnb.com/rooms/34575375
Tokyo,13156,New,0,https://www.airbnb.com/rooms/1574308338882305284
Tokyo,16820,5.0,12,https://www.airbnb.com/rooms/1488249713079311076
Tokyo,15869,4.91,11,https://www.airbnb.com/rooms/1481692666983676839
Tokyo,9673,4.95,57,https://www.airbnb.com/rooms/1103155793624906391
Tokyo,11571,4.76,51,https://www.airbnb.com/rooms/1284585155027513130
Tokyo,16628,4.94,34,https://www.airbnb.com/rooms/1225727886995323765
Tokyo,14768,5.0,9,https://www.airbnb.com/rooms/1458462526199742591
New York,22240,4.88,437,https://www.airbnb.com/rooms/2451647
New York,18074,4.69,3998,https://www.airbnb.com/rooms/858697692672545141
New York,29834,4.81,78,https://www.airbnb.com/rooms/43315235
New York,16273,4.89,89,https://www.airbnb.com/rooms/19086522
New York,12080,4.86,59,https://www.airbnb.com/rooms/1105403969448940593
New York,15460,4.77,81,https://www.airbnb.com/rooms/751544681082578652
New York,21806,4.92,261,https://www.airbnb.com/rooms/15067291
New York,15460,4.93,161,https://www.airbnb.com/rooms/6146783
New York,28478,4.89,169,https://www.airbnb.com/rooms/837213410815312557
New York,14546,4.93,41,https://www.airbnb.com/rooms/1054669444835087590
New York,13344,5.0,21,https://www.airbnb.com/rooms/1281302979352188852
New York,26822,4.57,386,https://www.airbnb.com/rooms/1092928294708580275
New York,31190,4.79,66,https://www.airbnb.com/rooms/45595993
New York,14545,4.82,39,https://www.airbnb.com/rooms/1393730189600405443
New York,17492,5.0,32,https://www.airbnb.com/rooms/1230159447878699624
New York,16002,4.7,169,https://www.airbnb.com/rooms/961028579830575553
New York,26037,4.97,92,https://www.airbnb.com/rooms/764578441677175829
New York,14321,4.95,279,https://www.airbnb.com/rooms/15789337
New York,9439,4.83,12,https://www.airbnb.com/rooms/1385444743317351076
New York,27855,4.94,253,https://www.airbnb.com/rooms/37879131
New York,17417,4.9,558,https://www.airbnb.com/rooms/18671835
New York,22240,4.82,667,https://www.airbnb.com/rooms/16580
New York,12354,4.96,79,https://www.airbnb.com/rooms/838028693896424740
New York,12910,4.97,38,https://www.airbnb.com/rooms/1281265804271870939
New York,33902,4.87,756,https://www.airbnb.com/rooms/4152752
New York,18538,4.48,110,https://www.airbnb.com/rooms/993740332378198800
New York,14321,4.87,378,https://www.airbnb.com/rooms/15783071
New York,19204,5.0,3,https://www.airbnb.com/rooms/1557455917286035576
New York,34956,4.71,409,https://www.airbnb.com/rooms/1092801249343488052
New York,27379,4.89,65,https://www.airbnb.com/rooms/1407336432341758567
New York,38413,4.71,398,https://www.airbnb.com/rooms/1107218753492391849
New York,39787,4.73,310,https://www.airbnb.com/rooms/1069580354212412517
New York,28478,4.84,114,https://www.airbnb.com/rooms/1093615036600977781
New York,11595,4.85,109,https://www.airbnb.com/rooms/972740017700582747
New York,18905,4.45,901,https://www.airbnb.com/rooms/12171671
New York,20342,4.97,190,https://www.airbnb.com/rooms/995941212621416043
New York,17358,4.85,88,https://www.airbnb.com/rooms/710125502337453435
New York,18986,4.81,194,https://www.airbnb.com/rooms/960956755506773622
New York,26742,4.87,644,https://www.airbnb.com/rooms/7837816
New York,18396,4.95,59,https://www.airbnb.com/rooms/1393729124879349876
New York,14917,4.92,63,https://www.airbnb.com/rooms/8281045
New York,16924,4.86,115,https://www.airbnb.com/rooms/1161656470498296604
New York,12910,4.81,21,https://www.airbnb.com/rooms/1281256554143476876
New York,15785,5.0,8,https://www.airbnb.com/rooms/1559804377509784145
New York,16545,4.85,105,https://www.airbnb.com/rooms/1166252537202042135
New York,39598,4.87,124,https://www.airbnb.com/rooms/658772827164292906
New York,26308,4.97,195,https://www.airbnb.com/rooms/836392619479597624
New York,16304,4.89,71,https://www.airbnb.com/rooms/1207308520831238140
New York,19013,4.84,200,https://www.airbnb.com/rooms/924600
New York,24410,4.96,526,https://www.airbnb.com/rooms/23438247
New York,35540,4.93,151,https://www.airbnb.com/rooms/13902725
New York,18344,4.92,646,https://www.airbnb.com/rooms/24996332
New York,20342,4.9,129,https://www.airbnb.com/rooms/1003437049851150279
New York,26037,4.88,164,https://www.airbnb.com/rooms/52921783
New York,27189,4.54,46,https://www.airbnb.com/rooms/1105555935955713382
New York,29834,4.97,183,https://www.airbnb.com/rooms/41367371
New York,33902,4.78,80,https://www.airbnb.com/rooms/43310986
New York,15330,4.87,45,https://www.airbnb.com/rooms/1363031720625577626
New York,16002,4.9,39,https://www.airbnb.com/rooms/1391991238197628611
New York,23867,4.56,93,https://www.airbnb.com/rooms/1003603678526992890
New York,15971,4.78,49,https://www.airbnb.com/rooms/1393726230567032807
New York,26238,4.48,87,https://www.airbnb.com/rooms/1156823160048267908
New York,13887,4.77,57,https://www.airbnb.com/rooms/1056829272179113749
New York,33631,4.94,97,https://www.airbnb.com/rooms/23304812
New York,14917,4.93,100,https://www.airbnb.com/rooms/972805172969056732
New York,28047,4.85,54,https://www.airbnb.com/rooms/1407344736645729737
New York,15971,4.89,53,https://www.airbnb.com/rooms/1393719303728971026
New York,17629,4.82,168,https://www.airbnb.com/rooms/701279449329328106
New York,21426,4.78,346,https://www.airbnb.com/rooms/34705719
New York,15785,5.0,7,https://www.airbnb.com/rooms/1559786651622537938
New York,32878,4.68,1215,https://www.airbnb.com/rooms/992970965790772607
New York,36614,4.82,11,https://www.airbnb.com/rooms/1431223852948407524
New York,24812,4.39,383,https://www.airbnb.com/rooms/35545595
New York,26524,4.8,87,https://www.airbnb.com/rooms/1156833200612630293
New York,22240,4.98,176,https://www.airbnb.com/rooms/744307258225953765
New York,18335,4.6,154,https://www.airbnb.com/rooms/963299865643126608
New York,14809,4.85,427,https://www.airbnb.com/rooms/19194956
New York,13832,4.7,37,https://www.airbnb.com/rooms/1359627648745653844
New York,17331,4.92,49,https://www.airbnb.com/rooms/1357403506923199510
New York,17619,5.0,6,https://www.airbnb.com/rooms/1553882589097838038
New York,22783,4.91,64,https://www.airbnb.com/rooms/1157321297978459399
New York,21770,4.57,37,https://www.airbnb.com/rooms/700111269108709591
New York,31738,4.85,322,https://www.airbnb.com/rooms/17157615
New York,12314,4.84,55,https://www.airbnb.com/rooms/1125474619181498280
New York,16707,4.95,55,https://www.airbnb.com/rooms/1388763703373433611
New York,31461,4.95,280,https://www.airbnb.com/rooms/52554380
New York,21698,4.82,256,https://www.airbnb.com/rooms/8754560
New York,16463,5.0,35,https://www.airbnb.com/rooms/837006804063870852
New York,29563,4.95,103,https://www.airbnb.com/rooms/52611526
New York,26761,New,0,https://www.airbnb.com/rooms/919539730227533043
New York,27916,4.76,75,https://www.airbnb.com/rooms/1105531878875307358
New York,17109,5.0,3,https://www.airbnb.com/rooms/1464936280528850009
New York,12748,4.84,105,https://www.airbnb.com/rooms/53707410
New York,19528,4.86,269,https://www.airbnb.com/rooms/54068618
New York,14104,4.4,244,https://www.airbnb.com/rooms/3835681
New York,20342,5.0,16,https://www.airbnb.com/rooms/1416758382143095938
New York,22103,4.68,44,https://www.airbnb.com/rooms/1254917685336216399
New York,29997,4.88,150,https://www.airbnb.com/rooms/21293326
New York,26525,5.0,30,https://www.airbnb.com/rooms/1197859177973871671
New York,16653,4.91,34,https://www.airbnb.com/rooms/1313480536882565302
London,13805,5.0,39,https://www.airbnb.com/rooms/943415803770309943
London,13349,New,0,https://www.airbnb.com/rooms/1560930795305107265
London,12090,4.96,164,https://www.airbnb.com/rooms/41430918
London,9160,4.85,149,https://www.airbnb.com/rooms/19481925
London,21831,New,0,https://www.airbnb.com/rooms/1564420217955571147
London,27610,5.0,7,https://www.airbnb.com/rooms/1223067231743025062
London,30867,5.0,4,https://www.airbnb.com/rooms/1555720757434615183
London,14655,New,0,https://www.airbnb.com/rooms/1562417452986262462
London,21762,4.96,353,https://www.airbnb.com/rooms/36067018
London,15662,5.0,5,https://www.airbnb.com/rooms/1563921168736700503
London,14289,4.85,47,https://www.airbnb.com/rooms/32001162
London,8427,4.98,41,https://www.airbnb.com/rooms/15091111
London,20150,4.97,318,https://www.airbnb.com/rooms/1720539
London,10478,New,0,https://www.airbnb.com/rooms/1577693940169516152
London,18538,4.9,62,https://www.airbnb.com/rooms/964279657311140694
London,15021,4.89,184,https://www.airbnb.com/rooms/962819066808184263
London,16023,5.0,3,https://www.airbnb.com/rooms/1563927255786326029
London,21836,4.95,458,https://www.airbnb.com/rooms/16963257
London,15021,4.95,422,https://www.airbnb.com/rooms/1651191
London,16487,5.0,21,https://www.airbnb.com/rooms/41849464
London,16487,4.96,431,https://www.airbnb.com/rooms/13512606
London,21831,New,0,https://www.airbnb.com/rooms/1560952471935401125
London,25001,5.0,4,https://www.airbnb.com/rooms/1535634697615002329
London,16633,4.93,150,https://www.airbnb.com/rooms/894121952750427608
London,16052,New,0,https://www.airbnb.com/rooms/1550611521732903144
London,38525,4.7,23,https://www.airbnb.com/rooms/31973919
London,16823,New,0,https://www.airbnb.com/rooms/1550602039277369253
London,22862,4.94,309,https://www.airbnb.com/rooms/15320127
London,17952,5.0,97,https://www.airbnb.com/rooms/50048695
London,14802,New,0,https://www.airbnb.com/rooms/1561651369771067785
London,10918,4.95,152,https://www.airbnb.com/rooms/8989885
London,14655,4.95,128,https://www.airbnb.com/rooms/796534707079846594
London,16487,5.0,5,https://www.airbnb.com/rooms/1480715013159204916
London,14802,4.97,103,https://www.airbnb.com/rooms/998319392171238813
London,18319,4.98,45,https://www.airbnb.com/rooms/1364384113270591465
London,10625,New,0,https://www.airbnb.com/rooms/1577383929888975358
London,20663,5.0,37,https://www.airbnb.com/rooms/1421014469149689740
London,16487,4.97,389,https://www.airbnb.com/rooms/14511119
London,19263,5.0,3,https://www.airbnb.com/rooms/1536893312836518332
London,16823,New,0,https://www.airbnb.com/rooms/1562468517013367812
London,16487,4.97,77,https://www.airbnb.com/rooms/871701784479835530
London,34955,New,0,https://www.airbnb.com/rooms/1579831493031094756
London,22473,5.0,3,https://www.airbnb.com/rooms/1559523339668590779
London,25280,5.0,5,https://www.airbnb.com/rooms/1535654874501556829
London,10991,4.98,42,https://www.airbnb.com/rooms/3899976
London,20883,New,0,https://www.airbnb.com/rooms/1522562472260016095
London,18319,5.0,53,https://www.airbnb.com/rooms/1364381749508747676
London,22349,4.99,73,https://www.airbnb.com/rooms/951970327149127991
London,23448,5.0,23,https://www.airbnb.com/rooms/1135386580760596446
London,17732,4.96,509,https://www.airbnb.com/rooms/43429982
London,11358,5.0,38,https://www.airbnb.com/rooms/579021345963972879
London,21616,4.87,110,https://www.airbnb.com/rooms/1162935476314571768
London,11431,4.9,32,https://www.airbnb.com/rooms/879595
London,17073,4.93,122,https://www.airbnb.com/rooms/1151301638537433205
London,22129,4.95,169,https://www.airbnb.com/rooms/914372310103275603
London,27489,5.0,5,https://www.airbnb.com/rooms/1549189202866930497
London,14069,5.0,21,https://www.airbnb.com/rooms/1423799451135330026
London,20932,4.94,276,https://www.airbnb.com/rooms/8805567
London,14655,5.0,12,https://www.airbnb.com/rooms/1495828092726851057
London,47481,5.0,26,https://www.airbnb.com/rooms/53530573
London,30820,5.0,7,https://www.airbnb.com/rooms/1212942740389802958
London,18319,4.89,255,https://www.airbnb.com/rooms/35869483
London,13116,5.0,4,https://www.airbnb.com/rooms/1549975279092610696
London,21831,New,0,https://www.airbnb.com/rooms/1563940140168268956
London,34219,5.0,3,https://www.airbnb.com/rooms/1554970752643728874
London,16487,4.93,89,https://www.airbnb.com/rooms/978755907174907893
London,38846,4.87,15,https://www.airbnb.com/rooms/990375237032432980
London,19931,5.0,3,https://www.airbnb.com/rooms/1533642125606311353
London,18817,5.0,3,https://www.airbnb.com/rooms/1563973403600476268
London,18319,4.96,45,https://www.airbnb.com/rooms/1364383497889621042
London,40130,5.0,64,https://www.airbnb.com/rooms/745574996139659238
London,31116,5.0,18,https://www.airbnb.com/rooms/1243994590803935677
London,16120,4.89,545,https://www.airbnb.com/rooms/19928998
London,38204,4.95,20,https://www.airbnb.com/rooms/42653808
London,28653,4.75,4,https://www.airbnb.com/rooms/1409444520339170215
London,9160,4.81,36,https://www.airbnb.com/rooms/1392779851815207787
London,32607,5.0,22,https://www.airbnb.com/rooms/53701657
London,20150,5.0,68,https://www.airbnb.com/rooms/1115711316010208381
London,9233,4.85,201,https://www.airbnb.com/rooms/12016529
London,16120,4.97,36,https://www.airbnb.com/rooms/32415848
London,24034,4.97,101,https://www.airbnb.com/rooms/1191470870356891745
London,15021,5.0,29,https://www.airbnb.com/rooms/1208488419618903295
London,21061,New,0,https://www.airbnb.com/rooms/1546491103319542717
London,10991,4.79,108,https://www.airbnb.com/rooms/18148729
London,21189,New,0,https://www.airbnb.com/rooms/1559519689137759980
London,25628,5.0,5,https://www.airbnb.com/rooms/1531775686859485629
London,18319,4.99,145,https://www.airbnb.com/rooms/812206529747876236
London,15314,5.0,14,https://www.airbnb.com/rooms/45782830
London,22275,5.0,19,https://www.airbnb.com/rooms/1022524165756859719
London,10625,4.99,72,https://www.airbnb.com/rooms/6695460
London,27111,New,0,https://www.airbnb.com/rooms/1566651724595519462
London,17586,4.86,126,https://www.airbnb.com/rooms/20777411
London,20737,4.96,169,https://www.airbnb.com/rooms/2507220
London,20150,4.94,314,https://www.airbnb.com/rooms/7537897
London,11156,5.0,3,https://www.airbnb.com/rooms/1570270835617115776
London,13263,4.92,13,https://www.airbnb.com/rooms/553493021041764345
London,10991,4.97,29,https://www.airbnb.com/rooms/1275463037105063967
London,20517,5.0,27,https://www.airbnb.com/rooms/1481269870151046221
London,18201,4.99,77,https://www.airbnb.com/rooms/7198125
London,17806,4.97,247,https://www.airbnb.com/rooms/18373061
Rome,9908,5.0,19,https://www.airbnb.com/rooms/1322459627368130165
Rome,4795,,0,https://www.airbnb.com/rooms/1329651491011877523
Rome,13265,New,0,https://www.airbnb.com/rooms/1537586346627445407
Rome,10548,New,0,https://www.airbnb.com/rooms/1564704500239111481
Rome,17068,4.98,57,https://www.airbnb.com/rooms/1297841860649137194
Rome,15404,4.88,152,https://www.airbnb.com/rooms/1049785841800452854
Rome,11443,5.0,9,https://www.airbnb.com/rooms/1503736089663728380
Rome,19113,4.98,48,https://www.airbnb.com/rooms/1306952680123280098
Rome,13424,4.97,151,https://www.airbnb.com/rooms/1147744646872324359
Rome,12785,4.88,26,https://www.airbnb.com/rooms/908559354666183391
Rome,13296,5.0,3,https://www.airbnb.com/rooms/1526248708101775956
Rome,11027,4.87,219,https://www.airbnb.com/rooms/827309810803076085
Rome,16748,4.95,114,https://www.airbnb.com/rooms/1098533301132725291
Rome,14703,4.78,455,https://www.airbnb.com/rooms/46730658
Rome,26464,4.92,225,https://www.airbnb.com/rooms/634776839684124044
Rome,14383,4.85,13,https://www.airbnb.com/rooms/1512867093754414667
Rome,18474,4.93,217,https://www.airbnb.com/rooms/701901598970565633
Rome,16876,4.89,481,https://www.airbnb.com/rooms/5473072
Rome,14575,4.93,186,https://www.airbnb.com/rooms/938334454044799842
Rome,20456,4.94,170,https://www.airbnb.com/rooms/34507286
Rome,11059,4.71,287,https://www.airbnb.com/rooms/38619330
Rome,21692,5.0,56,https://www.airbnb.com/rooms/1303006496057343564
Rome,14728,4.97,282,https://www.airbnb.com/rooms/38003690
Rome,10228,4.89,18,https://www.airbnb.com/rooms/1395886176931421938
Rome,24930,4.88,503,https://www.airbnb.com/rooms/8260926
Rome,23012,5.0,68,https://www.airbnb.com/rooms/1355123839143212708
Rome,35158,4.95,548,https://www.airbnb.com/rooms/37455711
Rome,18794,4.93,363,https://www.airbnb.com/rooms/650151
Rome,19177,New,0,https://www.airbnb.com/rooms/1578109695535889906
Rome,29405,4.9,147,https://www.airbnb.com/rooms/940977620565685941
Rome,31424,5.0,45,https://www.airbnb.com/rooms/1395792802417683549
Rome,15981,4.95,44,https://www.airbnb.com/rooms/1401291587452658564
Rome,12785,4.93,460,https://www.airbnb.com/rooms/984729
Rome,11826,4.96,132,https://www.airbnb.com/rooms/14036244
Rome,21918,4.97,103,https://www.airbnb.com/rooms/1163614274237289628
Rome,13999,4.98,144,https://www.airbnb.com/rooms/1146974501472780037
Rome,12146,4.91,253,https://www.airbnb.com/rooms/541240
Rome,15981,4.93,271,https://www.airbnb.com/rooms/43576708
Rome,40431,4.96,102,https://www.airbnb.com/rooms/762453619817773704
Rome,28126,4.88,64,https://www.airbnb.com/rooms/1269582707593000028
Rome,34806,5.0,81,https://www.airbnb.com/rooms/1168865709123470711
Rome,23652,4.87,166,https://www.airbnb.com/rooms/14852944
Rome,22373,4.9,396,https://www.airbnb.com/rooms/25177222
Rome,14844,5.0,8,https://www.airbnb.com/rooms/1500897731890916229
Rome,22245,5.0,27,https://www.airbnb.com/rooms/1374125169547440548
Rome,28446,4.92,293,https://www.airbnb.com/rooms/27756957
Rome,19688,4.94,482,https://www.airbnb.com/rooms/8027158
Rome,17266,4.96,471,https://www.airbnb.com/rooms/1685835
Rome,16809,4.98,63,https://www.airbnb.com/rooms/1268873195341924816
Rome,18985,4.94,482,https://www.airbnb.com/rooms/33774167
Rome,35158,5.0,6,https://www.airbnb.com/rooms/1542673976932787792
Rome,30427,4.7,675,https://www.airbnb.com/rooms/827269
Rome,22725,4.96,70,https://www.airbnb.com/rooms/1106920677179838069
Rome,18858,5.0,46,https://www.airbnb.com/rooms/1305669906697505106
Rome,15404,4.87,15,https://www.airbnb.com/rooms/566712096797523638
Rome,44532,4.96,395,https://www.airbnb.com/rooms/595007253497195106
Rome,17579,4.88,119,https://www.airbnb.com/rooms/1001437931547861290
Rome,30427,4.9,71,https://www.airbnb.com/rooms/1205850001078068627
Rome,17981,,0,https://www.airbnb.com/rooms/1478318769409971737
Rome,14383,5.0,8,https://www.airbnb.com/rooms/1535458579313524837
Rome,12785,5.0,25,https://www.airbnb.com/rooms/1361489543113985480
Rome,13296,4.92,347,https://www.airbnb.com/rooms/23052121
Rome,15821,4.94,34,https://www.airbnb.com/rooms/1391994270000071978
Rome,18327,4.93,15,https://www.airbnb.com/rooms/1492627043928621360
Rome,14640,4.95,96,https://www.airbnb.com/rooms/1164302374360472749
Rome,19902,4.94,1252,https://www.airbnb.com/rooms/37414834
Rome,13143,5.0,6,https://www.airbnb.com/rooms/1528054267632474099
Rome,34454,4.97,68,https://www.airbnb.com/rooms/1174662686196928720
Rome,15022,4.74,201,https://www.airbnb.com/rooms/12977539
Rome,24591,4.91,163,https://www.airbnb.com/rooms/913608085781817578
Rome,13424,4.95,151,https://www.airbnb.com/rooms/19740926
Rome,23246,4.94,169,https://www.airbnb.com/rooms/49689003
Rome,31642,4.93,149,https://www.airbnb.com/rooms/952102144739118041
Rome,13680,4.89,429,https://www.airbnb.com/rooms/25364492
Rome,27487,4.94,52,https://www.airbnb.com/rooms/1231615190714170971
Rome,18282,4.91,456,https://www.airbnb.com/rooms/20221187
Rome,25250,4.9,136,https://www.airbnb.com/rooms/776070162317951133
Rome,34199,4.95,40,https://www.airbnb.com/rooms/1404380751117452079
Rome,27167,5.0,20,https://www.airbnb.com/rooms/1450701049585609932
Rome,28568,4.97,36,https://www.airbnb.com/rooms/1389207251428623550
Rome,19213,New,0,https://www.airbnb.com/rooms/1571667450418377265
Rome,26209,4.96,122,https://www.airbnb.com/rooms/810625455258780666
Rome,22739,4.8,71,https://www.airbnb.com/rooms/1018060854780403068
Rome,16301,4.82,417,https://www.airbnb.com/rooms/46693613
Rome,23526,4.83,6,https://www.airbnb.com/rooms/1518767728068046171
Rome,29408,5.0,103,https://www.airbnb.com/rooms/1204383435424581658
Rome,26240,4.93,61,https://www.airbnb.com/rooms/1303652304120256917
Rome,40252,4.99,76,https://www.airbnb.com/rooms/1193948455866922433
Rome,18282,4.91,67,https://www.airbnb.com/rooms/1284628056797334934
Rome,55613,4.99,158,https://www.airbnb.com/rooms/42479793
Rome,10628,4.97,273,https://www.airbnb.com/rooms/14701231
Rome,15661,4.98,107,https://www.airbnb.com/rooms/1271770742503570043
Rome,19213,5.0,7,https://www.airbnb.com/rooms/1557890192391823787
Rome,17305,5.0,50,https://www.airbnb.com/rooms/1268764405233941246
Rome,16015,New,0,https://www.airbnb.com/rooms/1575873508388498751
Rome,26209,4.95,115,https://www.airbnb.com/rooms/1092633348334782946
Rome,28765,4.96,51,https://www.airbnb.com/rooms/1360391492287687498
Rome,22742,4.84,507,https://www.airbnb.com/rooms/29329302
Rome,23942,4.88,68,https://www.airbnb.com/rooms/1265724603099893974
Rome,22373,4.99,91,https://www.airbnb.com/rooms/1080324776367443652
Amsterdam,16627,5.0,7,https://www.airbnb.com/rooms/1550662988778010128
Amsterdam,14127,4.81,265,https://www.airbnb.com/rooms/38698905
Amsterdam,16620,4.86,428,https://www.airbnb.com/rooms/19689332
Amsterdam,22501,4.95,410,https://www.airbnb.com/rooms/30100534
Amsterdam,17931,4.87,471,https://www.airbnb.com/rooms/19278681
Amsterdam,16940,4.85,519,https://www.airbnb.com/rooms/21327054
Amsterdam,11059,4.55,11,https://www.airbnb.com/rooms/45450671
Amsterdam,18410,4.61,392,https://www.airbnb.com/rooms/1116446
Amsterdam,17746,4.71,107,https://www.airbnb.com/rooms/47002742
Amsterdam,11570,4.81,578,https://www.airbnb.com/rooms/14853175
Amsterdam,17259,4.58,737,https://www.airbnb.com/rooms/6133157
Amsterdam,21926,4.75,302,https://www.airbnb.com/rooms/20791949
Amsterdam,17963,4.78,225,https://www.airbnb.com/rooms/34174819
Amsterdam,30172,4.8,103,https://www.airbnb.com/rooms/1052843680639684974
Amsterdam,19605,4.92,51,https://www.airbnb.com/rooms/908935734004733435
Amsterdam,24030,4.94,240,https://www.airbnb.com/rooms/9343949
Amsterdam,18180,4.96,170,https://www.airbnb.com/rooms/741737871956813035
Amsterdam,19605,4.98,376,https://www.airbnb.com/rooms/24405980
Amsterdam,36116,4.95,621,https://www.airbnb.com/rooms/7458963
Amsterdam,25569,4.88,716,https://www.airbnb.com/rooms/627188
Amsterdam,32409,4.96,125,https://www.airbnb.com/rooms/1224664806815774822
Amsterdam,16301,4.85,113,https://www.airbnb.com/rooms/1227519933159014616
Amsterdam,22693,4.83,6,https://www.airbnb.com/rooms/1550646809595072276
Amsterdam,16805,4.94,384,https://www.airbnb.com/rooms/21171350
Amsterdam,26464,4.94,122,https://www.airbnb.com/rooms/1121865696117045375
Amsterdam,8671,4.8,126,https://www.airbnb.com/rooms/747449848984932665
Amsterdam,28318,4.9,457,https://www.airbnb.com/rooms/3840321
Amsterdam,18666,4.84,288,https://www.airbnb.com/rooms/34008858
Amsterdam,25122,4.95,21,https://www.airbnb.com/rooms/1267871334925109509
Amsterdam,11091,4.83,66,https://www.airbnb.com/rooms/1441098980682635362
Amsterdam,25250,5.0,51,https://www.airbnb.com/rooms/1363571075024129097
Amsterdam,38993,4.99,385,https://www.airbnb.com/rooms/572146163845162871
Amsterdam,27279,4.8,655,https://www.airbnb.com/rooms/606871
Amsterdam,13041,4.97,66,https://www.airbnb.com/rooms/18660291
Amsterdam,22181,4.79,1033,https://www.airbnb.com/rooms/608432
Amsterdam,23652,4.82,443,https://www.airbnb.com/rooms/1798944
Amsterdam,24143,4.95,60,https://www.airbnb.com/rooms/936066204255849318
Amsterdam,23971,4.93,837,https://www.airbnb.com/rooms/4449764
Amsterdam,25548,New,0,https://www.airbnb.com/rooms/1536088633447742911
Amsterdam,16269,4.71,352,https://www.airbnb.com/rooms/548208029251203092
Amsterdam,31642,4.9,220,https://www.airbnb.com/rooms/15946060
Amsterdam,12785,,0,https://www.airbnb.com/rooms/45451362
Amsterdam,16301,4.86,242,https://www.airbnb.com/rooms/38694596
Amsterdam,9730,4.72,1247,https://www.airbnb.com/rooms/746060021045144380
Amsterdam,12200,4.86,119,https://www.airbnb.com/rooms/1455602857413933812
Amsterdam,25767,4.82,402,https://www.airbnb.com/rooms/1445482496485405601
Amsterdam,21095,4.89,471,https://www.airbnb.com/rooms/14050092
Amsterdam,20519,4.63,666,https://www.airbnb.com/rooms/13040996
Amsterdam,30825,4.99,145,https://www.airbnb.com/rooms/36953210
Amsterdam,60726,4.99,279,https://www.airbnb.com/rooms/48306436
Amsterdam,18921,4.77,591,https://www.airbnb.com/rooms/2761156
Amsterdam,32856,4.81,308,https://www.airbnb.com/rooms/41139493
Amsterdam,21159,4.87,307,https://www.airbnb.com/rooms/8641456
Amsterdam,33560,4.95,82,https://www.airbnb.com/rooms/1107131558265456722
Amsterdam,17579,4.92,26,https://www.airbnb.com/rooms/901908430110176730
Amsterdam,31674,4.91,494,https://www.airbnb.com/rooms/12801514
Amsterdam,22296,4.87,3908,https://www.airbnb.com/rooms/32485135
Amsterdam,26656,4.91,480,https://www.airbnb.com/rooms/32974828
Amsterdam,23652,4.94,163,https://www.airbnb.com/rooms/918091318486557986
Amsterdam,29503,New,0,https://www.airbnb.com/rooms/1555683714225458924
Amsterdam,40655,4.96,387,https://www.airbnb.com/rooms/17874135
Amsterdam,28765,4.95,152,https://www.airbnb.com/rooms/39855917
Amsterdam,33240,4.89,193,https://www.airbnb.com/rooms/695619408402018532
Amsterdam,17579,4.82,225,https://www.airbnb.com/rooms/39710965
Amsterdam,31322,4.78,114,https://www.airbnb.com/rooms/10098198
Amsterdam,22054,4.65,387,https://www.airbnb.com/rooms/1145866
Amsterdam,31961,4.92,829,https://www.airbnb.com/rooms/20259345
Amsterdam,23012,4.75,268,https://www.airbnb.com/rooms/14086359
Amsterdam,27087,4.71,7,https://www.airbnb.com/rooms/1516521496549415186
Amsterdam,27828,4.78,3169,https://www.airbnb.com/rooms/40606723
Amsterdam,36868,4.95,502,https://www.airbnb.com/rooms/24127480
Amsterdam,23217,New,0,https://www.airbnb.com/rooms/1576764635044609413
Amsterdam,42828,4.93,608,https://www.airbnb.com/rooms/15652115
Amsterdam,24367,5.0,12,https://www.airbnb.com/rooms/1322531113052005977
Amsterdam,59768,5.0,18,https://www.airbnb.com/rooms/1270996721311663237
Amsterdam,33623,4.8,354,https://www.airbnb.com/rooms/14017892
Amsterdam,28638,4.91,386,https://www.airbnb.com/rooms/14085220
Amsterdam,26528,4.93,471,https://www.airbnb.com/rooms/1797364
Amsterdam,25199,4.89,18,https://www.airbnb.com/rooms/1489642168568272568
Amsterdam,25505,4.96,186,https://www.airbnb.com/rooms/39521045
Amsterdam,27167,4.79,420,https://www.airbnb.com/rooms/20433472
Amsterdam,29408,4.88,342,https://www.airbnb.com/rooms/35800057
Amsterdam,38609,4.95,61,https://www.airbnb.com/rooms/593161251024943135
Amsterdam,23012,4.82,33,https://www.airbnb.com/rooms/1389882606115362624
Amsterdam,39632,4.89,360,https://www.airbnb.com/rooms/34558486
Amsterdam,20136,4.96,433,https://www.airbnb.com/rooms/2562204
Amsterdam,29405,4.9,84,https://www.airbnb.com/rooms/31883908
Amsterdam,41550,4.94,271,https://www.airbnb.com/rooms/554032391871247917
Amsterdam,27487,4.88,393,https://www.airbnb.com/rooms/5962744
Amsterdam,26662,4.88,290,https://www.airbnb.com/rooms/43137233
Amsterdam,16940,4.8,35,https://www.airbnb.com/rooms/1383411776443570228
Amsterdam,35850,4.96,195,https://www.airbnb.com/rooms/17911026
Amsterdam,28298,New,0,https://www.airbnb.com/rooms/1556588795923328328
Amsterdam,18858,5.0,12,https://www.airbnb.com/rooms/1261318700239948491
Amsterdam,37139,5.0,7,https://www.airbnb.com/rooms/1273864258840916097
Amsterdam,31003,4.85,385,https://www.airbnb.com/rooms/30374406
Amsterdam,33687,4.84,327,https://www.airbnb.com/rooms/14017497
Amsterdam,46024,4.98,135,https://www.airbnb.com/rooms/781677408519115458
Amsterdam,48712,4.86,70,https://www.airbnb.com/rooms/1242476719582843750
Amsterdam,29085,4.93,230,https://www.airbnb.com/rooms/8384069
Sydney,14549,4.95,445,https://www.airbnb.com/rooms/21504549
Sydney,16367,4.97,146,https://www.airbnb.com/rooms/888174431355783262
Sydney,21768,4.91,219,https://www.airbnb.com/rooms/17780620
Sydney,20123,4.76,37,https://www.airbnb.com/rooms/1136665780682922479
Sydney,18185,4.91,138,https://www.airbnb.com/rooms/1190267443921998880
Sydney,16549,4.94,253,https://www.airbnb.com/rooms/8575021
Sydney,27278,4.93,838,https://www.airbnb.com/rooms/2694793
Sydney,20557,4.97,61,https://www.airbnb.com/rooms/1201898719727952232
Sydney,18185,4.94,296,https://www.airbnb.com/rooms/12897385
Sydney,20550,4.86,144,https://www.airbnb.com/rooms/17213609
Sydney,22986,5.0,25,https://www.airbnb.com/rooms/1437734445359296212
Sydney,17251,5.0,11,https://www.airbnb.com/rooms/1470655626471823312
Sydney,8184,5.0,13,https://www.airbnb.com/rooms/1032777492802842677
Sydney,17822,4.93,55,https://www.airbnb.com/rooms/27759540
Sydney,18004,4.9,725,https://www.airbnb.com/rooms/11480581
Sydney,18004,4.66,77,https://www.airbnb.com/rooms/1174205473218283835
Sydney,13603,4.9,168,https://www.airbnb.com/rooms/10301601
Sydney,12184,4.73,274,https://www.airbnb.com/rooms/10182761
Sydney,18004,4.92,98,https://www.airbnb.com/rooms/960317087653417495
Sydney,22481,5.0,4,https://www.airbnb.com/rooms/1546187291466022932
Sydney,15530,4.96,315,https://www.airbnb.com/rooms/28567757
Sydney,17822,4.94,128,https://www.airbnb.com/rooms/23813076
Sydney,16149,4.94,319,https://www.airbnb.com/rooms/34233467
Sydney,8133,4.77,22,https://www.airbnb.com/rooms/1443132741055660953
Sydney,7693,4.71,7,https://www.airbnb.com/rooms/1535703318508402973
Sydney,18476,New,0,https://www.airbnb.com/rooms/1551373699299649681
Sydney,16000,4.8,30,https://www.airbnb.com/rooms/1437204556147414749
Sydney,14730,5.0,131,https://www.airbnb.com/rooms/26308209
Sydney,14549,New,0,https://www.airbnb.com/rooms/1567113648826862514
Sydney,29066,4.72,43,https://www.airbnb.com/rooms/1092418932916378712
Sydney,22186,4.96,28,https://www.airbnb.com/rooms/1437236724831172196
Sydney,24187,4.95,20,https://www.airbnb.com/rooms/1433550319234095003
Sydney,22841,4.84,50,https://www.airbnb.com/rooms/1177127470457652236
Sydney,19822,4.65,263,https://www.airbnb.com/rooms/23257112
Sydney,20804,4.88,16,https://www.airbnb.com/rooms/1454735023416141601
Sydney,21462,5.0,3,https://www.airbnb.com/rooms/1546735571109000970
Sydney,23266,4.87,409,https://www.airbnb.com/rooms/7168362
Sydney,21822,4.86,138,https://www.airbnb.com/rooms/1190282928073350213
Sydney,12528,5.0,18,https://www.airbnb.com/rooms/1467298475421144851
Sydney,23266,4.91,193,https://www.airbnb.com/rooms/33538424
Sydney,13781,5.0,3,https://www.airbnb.com/rooms/1400451344889138609
Sydney,30748,4.72,18,https://www.airbnb.com/rooms/1490380061495452479
Sydney,8414,4.78,36,https://www.airbnb.com/rooms/1443140688937967484
Sydney,25096,4.9,555,https://www.airbnb.com/rooms/5163979
Sydney,36661,4.97,30,https://www.airbnb.com/rooms/1294602317679999794
Sydney,16622,4.91,812,https://www.airbnb.com/rooms/12434800
Sydney,22057,4.82,11,https://www.airbnb.com/rooms/1511252869438820464
Sydney,15458,4.91,43,https://www.airbnb.com/rooms/1189322143323942717
Sydney,21822,4.94,138,https://www.airbnb.com/rooms/1190267476472885509
Sydney,23968,4.88,43,https://www.airbnb.com/rooms/1177136108707135736
Sydney,9607,4.86,7,https://www.airbnb.com/rooms/1508517920130481237
Sydney,20731,4.98,65,https://www.airbnb.com/rooms/829992592228153623
Sydney,31497,4.93,108,https://www.airbnb.com/rooms/42930305
Sydney,32349,4.9,20,https://www.airbnb.com/rooms/1484582823016434436
Sydney,20913,5.0,60,https://www.airbnb.com/rooms/895030106681542391
Sydney,31824,4.87,247,https://www.airbnb.com/rooms/965077046742737540
Sydney,26914,5.0,6,https://www.airbnb.com/rooms/1562175987784093691
Sydney,26623,4.81,262,https://www.airbnb.com/rooms/11702755
Sydney,30915,4.74,23,https://www.airbnb.com/rooms/1094320847498491997
Sydney,25258,4.93,262,https://www.airbnb.com/rooms/6426630
Sydney,20841,4.74,128,https://www.airbnb.com/rooms/1106310411443195470
Sydney,23266,4.88,328,https://www.airbnb.com/rooms/13438832
Sydney,19386,4.98,90,https://www.airbnb.com/rooms/33931533
Sydney,22732,4.87,39,https://www.airbnb.com/rooms/1177134716734273232
Sydney,20750,4.79,14,https://www.airbnb.com/rooms/1510857718195876952
Sydney,26078,4.76,234,https://www.airbnb.com/rooms/917096144351077476
Sydney,16733,4.79,29,https://www.airbnb.com/rooms/1457768944154390454
Sydney,8796,,0,https://www.airbnb.com/rooms/1527892183159688682
Sydney,21697,New,0,https://www.airbnb.com/rooms/1546737425231096399
Sydney,8002,4.68,22,https://www.airbnb.com/rooms/1471963588764365901
Sydney,28878,4.94,120,https://www.airbnb.com/rooms/26924377
Sydney,12830,5.0,13,https://www.airbnb.com/rooms/1467276419565671824
Sydney,17822,4.99,77,https://www.airbnb.com/rooms/709231833243497323
Sydney,31642,4.98,50,https://www.airbnb.com/rooms/24848349
Sydney,35934,4.89,28,https://www.airbnb.com/rooms/1432328583337029932
Sydney,25647,5.0,54,https://www.airbnb.com/rooms/1146163209148085528
Sydney,23314,4.61,152,https://www.airbnb.com/rooms/1132700700819318938
Sydney,27096,4.96,278,https://www.airbnb.com/rooms/20865085
Sydney,26551,4.96,503,https://www.airbnb.com/rooms/8617383
Sydney,15436,New,0,https://www.airbnb.com/rooms/1542392182235259521
Sydney,22695,4.95,203,https://www.airbnb.com/rooms/10103161
Sydney,28939,4.71,76,https://www.airbnb.com/rooms/1011173243476481469
Sydney,28187,4.98,122,https://www.airbnb.com/rooms/890135190507860395
Sydney,28896,5.0,13,https://www.airbnb.com/rooms/1225147014285549034
Sydney,21131,4.83,12,https://www.airbnb.com/rooms/1509814081236163983
Sydney,27569,4.86,43,https://www.airbnb.com/rooms/1313516113436885402
Sydney,21895,5.0,26,https://www.airbnb.com/rooms/25061779
Sydney,8885,5.0,5,https://www.airbnb.com/rooms/1441803543544604898
Sydney,8737,New,0,https://www.airbnb.com/rooms/1561329752304418680
Sydney,23083,4.88,41,https://www.airbnb.com/rooms/1338880963122959367
Sydney,18731,4.98,95,https://www.airbnb.com/rooms/837908583715975192
Sydney,10002,4.77,145,https://www.airbnb.com/rooms/17450684
Sydney,8002,4.79,14,https://www.airbnb.com/rooms/1471961639175756833
Sydney,9370,4.86,7,https://www.airbnb.com/rooms/1507659432062580664
Sydney,20477,4.99,75,https://www.airbnb.com/rooms/30808926
Sydney,30206,New,0,https://www.airbnb.com/rooms/1574655167252087367
Sydney,17848,4.65,134,https://www.airbnb.com/rooms/25602941
Sydney,16803,4.7,157,https://www.airbnb.com/rooms/11088470
Sydney,16913,4.96,69,https://www.airbnb.com/rooms/1145511707144912317
Sydney,24368,4.82,243,https://www.airbnb.com/rooms/16616747
Bangkok,8154,4.89,18,https://www.airbnb.com/rooms/1389148752863125292
Bangkok,13923,4.95,44,https://www.airbnb.com/rooms/1517423716561808913
Bangkok,17547,4.97,104,https://www.airbnb.com/rooms/1111564075532105823
Bangkok,15483,4.94,248,https://www.airbnb.com/rooms/1492865907189208216
Bangkok,6541,4.88,325,https://www.airbnb.com/rooms/18011265
Bangkok,8608,,0,https://www.airbnb.com/rooms/1534130673585456759
Bangkok,5151,4.69,78,https://www.airbnb.com/rooms/1319332020749542951
Bangkok,13959,4.95,75,https://www.airbnb.com/rooms/1009961607700744395
Bangkok,8381,4.94,380,https://www.airbnb.com/rooms/39766295
Bangkok,7857,4.94,193,https://www.airbnb.com/rooms/6312629
Bangkok,16761,5.0,3,https://www.airbnb.com/rooms/1546541221050296883
Bangkok,13095,4.95,65,https://www.airbnb.com/rooms/1355481796651532872
Bangkok,7595,4.94,18,https://www.airbnb.com/rooms/1341889462278687635
Bangkok,10301,4.92,50,https://www.airbnb.com/rooms/1118369098186511471
Bangkok,5937,4.9,180,https://www.airbnb.com/rooms/856241366459880980
Bangkok,6286,4.9,31,https://www.airbnb.com/rooms/1298455078606396467
Bangkok,11218,5.0,14,https://www.airbnb.com/rooms/897336029727337609
Bangkok,9385,4.95,145,https://www.airbnb.com/rooms/1031813899662473330
Bangkok,9603,4.94,178,https://www.airbnb.com/rooms/835377390388055017
Bangkok,14038,4.94,63,https://www.airbnb.com/rooms/1124232529926667020
Bangkok,9428,5.0,10,https://www.airbnb.com/rooms/1512055642713396520
Bangkok,15606,4.97,68,https://www.airbnb.com/rooms/1517406568938390909
Bangkok,10825,5.0,13,https://www.airbnb.com/rooms/1170630829189974555
Bangkok,9516,4.79,95,https://www.airbnb.com/rooms/733960271401460593
Bangkok,8381,4.89,145,https://www.airbnb.com/rooms/1094739969933754698
Bangkok,14313,4.92,53,https://www.airbnb.com/rooms/1199766951146638885
Bangkok,12240,4.9,142,https://www.airbnb.com/rooms/1012580984161557102
Bangkok,7450,4.83,12,https://www.airbnb.com/rooms/1488336753073947110
Bangkok,15880,4.96,55,https://www.airbnb.com/rooms/1239027587587029478
Bangkok,7153,4.87,69,https://www.airbnb.com/rooms/880134368070041293
Bangkok,5738,4.89,226,https://www.airbnb.com/rooms/29222188
Bangkok,9730,4.87,78,https://www.airbnb.com/rooms/1114904195556862236
Bangkok,10476,4.88,210,https://www.airbnb.com/rooms/50255967
Bangkok,12391,4.96,92,https://www.airbnb.com/rooms/940344360319227364
Bangkok,8905,4.96,70,https://www.airbnb.com/rooms/46997092
Bangkok,3876,5.0,12,https://www.airbnb.com/rooms/1327501966121656095
Bangkok,8381,4.93,362,https://www.airbnb.com/rooms/35329051
Bangkok,14705,4.98,135,https://www.airbnb.com/rooms/48372921
Bangkok,5738,4.86,112,https://www.airbnb.com/rooms/28443679
Bangkok,7421,4.91,169,https://www.airbnb.com/rooms/851913416026234582
Bangkok,10651,4.82,11,https://www.airbnb.com/rooms/1466602047732796807
Bangkok,14994,4.98,47,https://www.airbnb.com/rooms/1517420196855955222
Bangkok,15880,4.93,68,https://www.airbnb.com/rooms/1173193508701276990
Bangkok,8032,5.0,20,https://www.airbnb.com/rooms/1257702431961807740
Bangkok,3929,4.91,22,https://www.airbnb.com/rooms/1145370464575092140
Bangkok,8250,4.95,20,https://www.airbnb.com/rooms/1393222697063091009
Bangkok,15714,4.99,68,https://www.airbnb.com/rooms/885810447203084803
Bangkok,4396,4.68,332,https://www.airbnb.com/rooms/34561501
Bangkok,4420,5.0,5,https://www.airbnb.com/rooms/1556223820440529314
Bangkok,11779,5.0,26,https://www.airbnb.com/rooms/1352804611695259752
Bangkok,16761,5.0,5,https://www.airbnb.com/rooms/1546529262932016486
Bangkok,18507,4.9,30,https://www.airbnb.com/rooms/1204302352386977762
Bangkok,9249,4.97,33,https://www.airbnb.com/rooms/1313461302232461762
Bangkok,15103,5.0,18,https://www.airbnb.com/rooms/1382357940916860715
Bangkok,9428,5.0,6,https://www.airbnb.com/rooms/1512069267984919025
Bangkok,5967,5.0,14,https://www.airbnb.com/rooms/802732686993425658
Bangkok,11419,4.82,374,https://www.airbnb.com/rooms/9647994
Bangkok,8730,4.9,30,https://www.airbnb.com/rooms/1380817804487345946
Bangkok,11934,4.94,87,https://www.airbnb.com/rooms/611847621050808356
Bangkok,8170,4.9,79,https://www.airbnb.com/rooms/980912946057036301
Bangkok,9945,New,0,https://www.airbnb.com/rooms/1545685032679288464
Bangkok,10039,5.0,36,https://www.airbnb.com/rooms/9176702
Bangkok,7682,5.0,53,https://www.airbnb.com/rooms/1019294550359639126
Bangkok,15606,4.94,54,https://www.airbnb.com/rooms/1517349623059410944
Bangkok,7857,4.89,62,https://www.airbnb.com/rooms/1245891679932661143
Bangkok,13599,4.95,40,https://www.airbnb.com/rooms/1342680317103773858
Bangkok,14705,4.97,120,https://www.airbnb.com/rooms/591789867189118675
Bangkok,5107,5.0,46,https://www.airbnb.com/rooms/1414272513250947096
Bangkok,9594,4.94,126,https://www.airbnb.com/rooms/630886167337907068
Bangkok,16063,4.91,76,https://www.airbnb.com/rooms/1252652858951244451
Bangkok,13611,4.88,34,https://www.airbnb.com/rooms/1284666561887841639
Bangkok,7306,4.9,68,https://www.airbnb.com/rooms/1072077443069934112
Bangkok,10442,4.83,69,https://www.airbnb.com/rooms/979202652844492315
Bangkok,12300,4.93,71,https://www.airbnb.com/rooms/1106047816595574829
Bangkok,12240,4.9,21,https://www.airbnb.com/rooms/1420040819953818492
Bangkok,7238,5.0,48,https://www.airbnb.com/rooms/1312646252150161649
Bangkok,17610,4.91,340,https://www.airbnb.com/rooms/32247620
Bangkok,7268,4.89,133,https://www.airbnb.com/rooms/29242403
Bangkok,14573,4.88,100,https://www.airbnb.com/rooms/879402288005968500
Bangkok,10825,4.97,63,https://www.airbnb.com/rooms/1276423287503400671
Bangkok,5281,4.62,26,https://www.airbnb.com/rooms/1348303980335237042
Bangkok,14076,4.88,173,https://www.airbnb.com/rooms/772324817772756286
Bangkok,4365,4.84,31,https://www.airbnb.com/rooms/1331089532074049562
Bangkok,7595,4.95,37,https://www.airbnb.com/rooms/1032236408093360401
Bangkok,3929,4.92,12,https://www.airbnb.com/rooms/1092494207882555183
Bangkok,12571,4.88,113,https://www.airbnb.com/rooms/858580571919322694
Bangkok,8643,4.91,312,https://www.airbnb.com/rooms/9502628
Bangkok,14352,5.0,20,https://www.airbnb.com/rooms/1339628766247222947
Bangkok,6537,4.97,181,https://www.airbnb.com/rooms/18645598
Bangkok,25598,4.96,2257,https://www.airbnb.com/rooms/783817312247334259
Bangkok,12571,4.96,28,https://www.airbnb.com/rooms/1235978788044277654
Bangkok,8206,4.89,114,https://www.airbnb.com/rooms/957850846691159453
Bangkok,8033,4.93,195,https://www.airbnb.com/rooms/29222102
Bangkok,3027,4.86,174,https://www.airbnb.com/rooms/17022403
Bangkok,7770,4.9,172,https://www.airbnb.com/rooms/34578509
Bangkok,13464,4.94,88,https://www.airbnb.com/rooms/939448896879527316
Bangkok,11873,4.9,10,https://www.airbnb.com/rooms/1466565723134435932
Bangkok,16681,4.89,230,https://www.airbnb.com/rooms/34135415
Bangkok,18769,4.99,91,https://www.airbnb.com/rooms/1298334947031969193
Bangkok,14336,4.96,24,https://www.airbnb.com/rooms/1328580945536433811
Istanbul,9276,,0,https://www.airbnb.com/rooms/1509587876174512263
Istanbul,4762,New,0,https://www.airbnb.com/rooms/1579537983126350196
Istanbul,10849,New,0,https://www.airbnb.com/rooms/1576110522746030114
Istanbul,5967,4.74,139,https://www.airbnb.com/rooms/836832236928824226
Istanbul,6386,4.84,32,https://www.airbnb.com/rooms/1279784984112508713
Istanbul,11035,New,0,https://www.airbnb.com/rooms/1578146373835323807
Istanbul,6238,4.8,10,https://www.airbnb.com/rooms/1418749440614320637
Istanbul,8459,4.77,39,https://www.airbnb.com/rooms/1280266304686791881
Istanbul,7786,4.87,31,https://www.airbnb.com/rooms/1279801752464592830
Istanbul,7594,4.89,9,https://www.airbnb.com/rooms/1544823451912468260
Istanbul,11663,5.0,5,https://www.airbnb.com/rooms/1552053678594725407
Istanbul,7671,4.83,52,https://www.airbnb.com/rooms/1356391952411606040
Istanbul,10867,4.8,5,https://www.airbnb.com/rooms/1507823726802167782
Istanbul,8172,5.0,4,https://www.airbnb.com/rooms/1572710500715725484
Istanbul,9764,4.82,157,https://www.airbnb.com/rooms/1025331614136474429
Istanbul,7352,4.84,182,https://www.airbnb.com/rooms/48295843
Istanbul,8679,4.8,10,https://www.airbnb.com/rooms/1538420256273700258
Istanbul,9493,4.93,14,https://www.airbnb.com/rooms/1413163298378799384
Istanbul,9661,5.0,6,https://www.airbnb.com/rooms/1499951722637575588
Istanbul,7126,4.86,49,https://www.airbnb.com/rooms/1368038529794749355
Istanbul,7567,4.82,85,https://www.airbnb.com/rooms/49547904
Istanbul,10849,New,0,https://www.airbnb.com/rooms/1576737214340567468
Istanbul,10420,4.93,15,https://www.airbnb.com/rooms/1495118237268553724
Istanbul,9168,4.64,25,https://www.airbnb.com/rooms/1494079039970671507
Istanbul,9764,4.82,171,https://www.airbnb.com/rooms/1028798807708736514
Istanbul,11035,5.0,3,https://www.airbnb.com/rooms/1577348664273971207
Istanbul,8259,4.67,24,https://www.airbnb.com/rooms/1436108509349098824
Istanbul,7991,4.76,38,https://www.airbnb.com/rooms/1357328611755876517
Istanbul,7910,4.89,44,https://www.airbnb.com/rooms/1456476249792829755
Istanbul,11538,4.86,44,https://www.airbnb.com/rooms/1373196711825921424
Istanbul,7594,4.8,61,https://www.airbnb.com/rooms/1209908905593338373
Istanbul,7594,4.76,58,https://www.airbnb.com/rooms/881771837640353923
Istanbul,6834,4.89,93,https://www.airbnb.com/rooms/44297564
Istanbul,10307,5.0,5,https://www.airbnb.com/rooms/1552034060441639757
Istanbul,8227,5.0,3,https://www.airbnb.com/rooms/1560969523116093651
Istanbul,12660,4.82,50,https://www.airbnb.com/rooms/1279826767370709169
Istanbul,5177,5.0,6,https://www.airbnb.com/rooms/1373763278480457396
Istanbul,8630,4.56,228,https://www.airbnb.com/rooms/5528102
Istanbul,14703,5.0,19,https://www.airbnb.com/rooms/1488355168595289457
Istanbul,13405,4.85,198,https://www.airbnb.com/rooms/48548949
Istanbul,8806,4.78,27,https://www.airbnb.com/rooms/1428396674497091517
Istanbul,9131,4.8,40,https://www.airbnb.com/rooms/1281687927423577201
Istanbul,10958,New,0,https://www.airbnb.com/rooms/1576723790465857103
Istanbul,14821,5.0,13,https://www.airbnb.com/rooms/1495071577641634142
Istanbul,8788,4.61,33,https://www.airbnb.com/rooms/1367330783407288048
Istanbul,9439,4.78,32,https://www.airbnb.com/rooms/1437193765292254398
Istanbul,9525,4.93,45,https://www.airbnb.com/rooms/1358734504857043827
Istanbul,20283,4.89,101,https://www.airbnb.com/rooms/1051515038131144626
Istanbul,7991,4.73,201,https://www.airbnb.com/rooms/48292503
Istanbul,7655,5.0,5,https://www.airbnb.com/rooms/1574180569601717853
Istanbul,19910,4.95,115,https://www.airbnb.com/rooms/1155011862139751362
Istanbul,8950,4.71,179,https://www.airbnb.com/rooms/4627130
Istanbul,9758,4.83,29,https://www.airbnb.com/rooms/1240403168828729223
Istanbul,15114,4.83,211,https://www.airbnb.com/rooms/49139116
Istanbul,13276,4.81,36,https://www.airbnb.com/rooms/1281726529812497321
Istanbul,9981,5.0,3,https://www.airbnb.com/rooms/1573132239689934239
Istanbul,7910,4.8,25,https://www.airbnb.com/rooms/1372973752609209854
Istanbul,15460,5.0,27,https://www.airbnb.com/rooms/1146217531617406048
Istanbul,8402,4.91,110,https://www.airbnb.com/rooms/941897064231347870
Istanbul,15479,4.91,133,https://www.airbnb.com/rooms/1154959175679556271
Istanbul,17350,4.96,159,https://www.airbnb.com/rooms/611092048938186988
Istanbul,19964,4.94,164,https://www.airbnb.com/rooms/937492868535808756
Istanbul,10867,4.85,20,https://www.airbnb.com/rooms/1457633778024766077
Istanbul,10849,New,0,https://www.airbnb.com/rooms/1576717758646099059
Istanbul,7394,4.76,29,https://www.airbnb.com/rooms/1283910831976727317
Istanbul,9601,4.67,46,https://www.airbnb.com/rooms/1402278945878344149
Istanbul,9938,4.85,20,https://www.airbnb.com/rooms/1436494893616892369
Istanbul,8950,4.85,34,https://www.airbnb.com/rooms/1363626666118538606
Istanbul,14448,4.94,114,https://www.airbnb.com/rooms/1154965223609050310
Istanbul,21515,4.9,49,https://www.airbnb.com/rooms/1185998490748570246
Istanbul,11283,4.69,201,https://www.airbnb.com/rooms/36876998
Istanbul,9657,4.81,80,https://www.airbnb.com/rooms/872374267594647408
Istanbul,9269,4.89,18,https://www.airbnb.com/rooms/1359596369756246448
Istanbul,7657,,0,https://www.airbnb.com/rooms/1517994929054873418
Istanbul,7594,4.65,37,https://www.airbnb.com/rooms/881765606845584954
Istanbul,21593,4.98,107,https://www.airbnb.com/rooms/1051462287314704529
Istanbul,10307,4.83,126,https://www.airbnb.com/rooms/1023952128806034776
Istanbul,14493,5.0,5,https://www.airbnb.com/rooms/1552820870433648183
Istanbul,6961,New,0,https://www.airbnb.com/rooms/1574584728845678702
Istanbul,12465,5.0,5,https://www.airbnb.com/rooms/1499271658120862276
Istanbul,10578,New,0,https://www.airbnb.com/rooms/1552045861642118073
Istanbul,9745,4.87,23,https://www.airbnb.com/rooms/1471016759934030872
Istanbul,10643,4.98,47,https://www.airbnb.com/rooms/1280333043526871639
Istanbul,7323,4.64,188,https://www.airbnb.com/rooms/47418444
Istanbul,11337,New,0,https://www.airbnb.com/rooms/1576090873323760742
Istanbul,10415,5.0,7,https://www.airbnb.com/rooms/1545780604483907267
Istanbul,9075,4.63,38,https://www.airbnb.com/rooms/1279807786896555294
Istanbul,7594,New,0,https://www.airbnb.com/rooms/1581730351362195114
Istanbul,8055,4.81,138,https://www.airbnb.com/rooms/907818615402816736
Istanbul,11740,4.76,165,https://www.airbnb.com/rooms/51449118
Istanbul,20136,4.97,78,https://www.airbnb.com/rooms/1171719412113549566
Istanbul,9764,4.78,121,https://www.airbnb.com/rooms/1028778683528300522
Istanbul,10548,4.89,140,https://www.airbnb.com/rooms/797126684444817398
Istanbul,16579,4.98,45,https://www.airbnb.com/rooms/1373190316501340604
Istanbul,8822,4.61,312,https://www.airbnb.com/rooms/6009785
Istanbul,7176,4.83,6,https://www.airbnb.com/rooms/1560024717165444679
Istanbul,16073,4.94,52,https://www.airbnb.com/rooms/1368981191304213834
Istanbul,16326,4.85,136,https://www.airbnb.com/rooms/577901816740343153
Istanbul,10035,5.0,7,https://www.airbnb.com/rooms/1416488859186950522
Istanbul,12597,5.0,5,https://www.airbnb.com/rooms/1523737964871329013
Rio de Janeiro,10023,4.94,187,https://www.airbnb.com/rooms/913581
Rio de Janeiro,11300,5.0,8,https://www.airbnb.com/rooms/1492988795450064048
Rio de Janeiro,11202,4.99,143,https://www.airbnb.com/rooms/709540896587737838
Rio de Janeiro,18080,4.96,159,https://www.airbnb.com/rooms/591288015148037891
Rio de Janeiro,7370,4.87,142,https://www.airbnb.com/rooms/38509433
Rio de Janeiro,10612,5.0,23,https://www.airbnb.com/rooms/1378465991578468515
Rio de Janeiro,15722,5.0,75,https://www.airbnb.com/rooms/1055248452679156327
Rio de Janeiro,8156,4.93,395,https://www.airbnb.com/rooms/1983606
Rio de Janeiro,11251,4.98,121,https://www.airbnb.com/rooms/636141621475045509
Rio de Janeiro,19603,4.97,34,https://www.airbnb.com/rooms/1049269006407370780
Rio de Janeiro,25351,4.99,161,https://www.airbnb.com/rooms/24231235
Rio de Janeiro,15005,5.0,19,https://www.airbnb.com/rooms/1460439822889020585
Rio de Janeiro,13462,4.94,335,https://www.airbnb.com/rooms/13544020
Rio de Janeiro,11890,4.97,92,https://www.airbnb.com/rooms/1170506886775799175
Rio de Janeiro,13511,New,0,https://www.airbnb.com/rooms/1567303186892560474
Rio de Janeiro,18228,5.0,70,https://www.airbnb.com/rooms/1130289151237028193
Rio de Janeiro,6682,5.0,25,https://www.airbnb.com/rooms/968342624687768514
Rio de Janeiro,17687,5.0,111,https://www.airbnb.com/rooms/1054142528186810138
Rio de Janeiro,18375,4.98,120,https://www.airbnb.com/rooms/1065098056369468143
Rio de Janeiro,18915,4.95,293,https://www.airbnb.com/rooms/4936358
Rio de Janeiro,15034,5.0,17,https://www.airbnb.com/rooms/1170512668366734956
Rio de Janeiro,4913,5.0,11,https://www.airbnb.com/rooms/1057060050353858826
Rio de Janeiro,17884,4.96,179,https://www.airbnb.com/rooms/866926050431037227
Rio de Janeiro,7370,New,0,https://www.airbnb.com/rooms/1539865770648926918
Rio de Janeiro,11300,4.97,36,https://www.airbnb.com/rooms/1277028478121384129
Rio de Janeiro,8561,5.0,13,https://www.airbnb.com/rooms/1534194176010329825
Rio de Janeiro,12774,New,0,https://www.airbnb.com/rooms/1562401639534589881
Rio de Janeiro,16360,New,0,https://www.airbnb.com/rooms/1567284709146643255
Rio de Janeiro,16803,New,0,https://www.airbnb.com/rooms/1577779626989111795
Rio de Janeiro,13516,4.99,90,https://www.airbnb.com/rooms/1091224058605622502
Rio de Janeiro,16705,4.92,36,https://www.airbnb.com/rooms/1323382880708315094
Rio de Janeiro,20831,4.97,255,https://www.airbnb.com/rooms/53591773
Rio de Janeiro,16213,4.96,137,https://www.airbnb.com/rooms/863139919634873578
Rio de Janeiro,8637,5.0,4,https://www.airbnb.com/rooms/1566826541298285296
Rio de Janeiro,15132,5.0,8,https://www.airbnb.com/rooms/1506466403525596219
Rio de Janeiro,11792,4.95,38,https://www.airbnb.com/rooms/1068371641197695881
Rio de Janeiro,13069,,0,https://www.airbnb.com/rooms/1533580919252547192
Rio de Janeiro,5808,4.96,205,https://www.airbnb.com/rooms/746274978766387145
Rio de Janeiro,11939,5.0,29,https://www.airbnb.com/rooms/1335047060850712152
Rio de Janeiro,5056,4.89,210,https://www.airbnb.com/rooms/829857669515207104
Rio de Janeiro,15624,4.98,64,https://www.airbnb.com/rooms/1148154671424787138
Rio de Janeiro,14543,5.0,21,https://www.airbnb.com/rooms/1379185884629227764
Rio de Janeiro,18513,4.97,111,https://www.airbnb.com/rooms/53813673
Rio de Janeiro,24860,5.0,57,https://www.airbnb.com/rooms/1051416760194330713
Rio de Janeiro,18866,5.0,8,https://www.airbnb.com/rooms/1507588706780595933
Rio de Janeiro,11890,4.93,445,https://www.airbnb.com/rooms/2011161
Rio de Janeiro,12162,5.0,65,https://www.airbnb.com/rooms/681175967893722284
Rio de Janeiro,12440,4.88,40,https://www.airbnb.com/rooms/1312503297140890834
Rio de Janeiro,18446,4.97,92,https://www.airbnb.com/rooms/47822736
Rio de Janeiro,21617,4.91,94,https://www.airbnb.com/rooms/917935275133948650
Rio de Janeiro,19374,4.93,43,https://www.airbnb.com/rooms/1310217607280784827
Rio de Janeiro,7544,4.97,36,https://www.airbnb.com/rooms/926044217976889130
Rio de Janeiro,12479,5.0,11,https://www.airbnb.com/rooms/1398141615369334026
Rio de Janeiro,12774,4.95,128,https://www.airbnb.com/rooms/15707503
Rio de Janeiro,18178,5.0,3,https://www.airbnb.com/rooms/1535062531580520467
Rio de Janeiro,9109,4.94,35,https://www.airbnb.com/rooms/1484163030411921782
Rio de Janeiro,21382,4.98,60,https://www.airbnb.com/rooms/1211905553361703219
Rio de Janeiro,17991,5.0,20,https://www.airbnb.com/rooms/1358162397568919289
Rio de Janeiro,22488,4.97,30,https://www.airbnb.com/rooms/1420948724724598734
Rio de Janeiro,14208,5.0,7,https://www.airbnb.com/rooms/1556899362240746156
Rio de Janeiro,19189,5.0,30,https://www.airbnb.com/rooms/1126676530898270116
Rio de Janeiro,14052,4.97,188,https://www.airbnb.com/rooms/12927801
Rio de Janeiro,19986,5.0,20,https://www.airbnb.com/rooms/1409273646324410467
Rio de Janeiro,14466,4.98,103,https://www.airbnb.com/rooms/7873549
Rio de Janeiro,14724,New,0,https://www.airbnb.com/rooms/1580454785996624497
Rio de Janeiro,14248,4.93,230,https://www.airbnb.com/rooms/1786262
Rio de Janeiro,12086,New,0,https://www.airbnb.com/rooms/1562279865983072948
Rio de Janeiro,9139,4.96,142,https://www.airbnb.com/rooms/567525127220773103
Rio de Janeiro,6436,4.93,417,https://www.airbnb.com/rooms/3206766
Rio de Janeiro,12283,5.0,32,https://www.airbnb.com/rooms/1242259157617445686
Rio de Janeiro,11890,4.94,299,https://www.airbnb.com/rooms/30341426
Rio de Janeiro,16145,4.99,135,https://www.airbnb.com/rooms/643393188976357563
Rio de Janeiro,10956,4.97,68,https://www.airbnb.com/rooms/42292413
Rio de Janeiro,8549,4.95,59,https://www.airbnb.com/rooms/26085428
Rio de Janeiro,5896,5.0,20,https://www.airbnb.com/rooms/1059984077935427127
Rio de Janeiro,18414,5.0,9,https://www.airbnb.com/rooms/1526370717562884060
Rio de Janeiro,15083,4.99,234,https://www.airbnb.com/rooms/2984779
Rio de Janeiro,14931,4.94,34,https://www.airbnb.com/rooms/1365175840711482479
Rio de Janeiro,20193,4.95,44,https://www.airbnb.com/rooms/1303002110271422682
Rio de Janeiro,18473,4.94,108,https://www.airbnb.com/rooms/729645851593573324
Rio de Janeiro,11988,5.0,6,https://www.airbnb.com/rooms/1562692552538731723
Rio de Janeiro,18473,4.94,201,https://www.airbnb.com/rooms/657273756629934690
Rio de Janeiro,23877,5.0,15,https://www.airbnb.com/rooms/1441579742178387598
Rio de Janeiro,9630,4.98,159,https://www.airbnb.com/rooms/683140321450954340
Rio de Janeiro,18110,5.0,18,https://www.airbnb.com/rooms/1481805724077960685
Rio de Janeiro,15349,4.94,156,https://www.airbnb.com/rooms/53081201
Rio de Janeiro,11300,New,0,https://www.airbnb.com/rooms/1559576062569087100
Rio de Janeiro,17874,4.9,10,https://www.airbnb.com/rooms/1400281838428465415
Rio de Janeiro,19161,4.98,42,https://www.airbnb.com/rooms/546403291029486605
Rio de Janeiro,11300,4.93,44,https://www.airbnb.com/rooms/1497811436904665270
Rio de Janeiro,14445,5.0,143,https://www.airbnb.com/rooms/53924193
Rio de Janeiro,8637,5.0,6,https://www.airbnb.com/rooms/1566760762221649449
Rio de Janeiro,9040,New,0,https://www.airbnb.com/rooms/12283299
Rio de Janeiro,17982,4.89,762,https://www.airbnb.com/rooms/494903
Rio de Janeiro,14346,4.93,154,https://www.airbnb.com/rooms/887283390201174421
Rio de Janeiro,10809,4.94,172,https://www.airbnb.com/rooms/35119579
Rio de Janeiro,16803,5.0,60,https://www.airbnb.com/rooms/1219027381380260291
Rio de Janeiro,20144,4.98,51,https://www.airbnb.com/rooms/1145066231615830859
Rio de Janeiro,14297,4.98,135,https://www.airbnb.com/rooms/866180470995921169
Rio de Janeiro,19014,4.97,67,https://www.airbnb.com/rooms/1272704509663411626
Venice,8278,4.71,287,https://www.airbnb.com/rooms/921223762600833588
Venice,12465,4.88,559,https://www.airbnb.com/rooms/20589372
Venice,7179,New,0,https://www.airbnb.com/rooms/1557965979380827641
Venice,7671,4.86,221,https://www.airbnb.com/rooms/23497015
Venice,10867,New,0,https://www.airbnb.com/rooms/1541500971801533198
Venice,13038,4.59,138,https://www.airbnb.com/rooms/640573567280884465
Venice,14703,4.73,473,https://www.airbnb.com/rooms/4634873
Venice,14025,4.72,537,https://www.airbnb.com/rooms/973340
Venice,6856,4.83,455,https://www.airbnb.com/rooms/16853599
Venice,14447,4.89,19,https://www.airbnb.com/rooms/1444209319853293633
Venice,7099,4.79,377,https://www.airbnb.com/rooms/27046457
Venice,14383,4.91,438,https://www.airbnb.com/rooms/10861511
Venice,10036,4.72,124,https://www.airbnb.com/rooms/801377482131067824
Venice,10228,4.57,143,https://www.airbnb.com/rooms/19147231
Venice,18650,4.62,183,https://www.airbnb.com/rooms/14813824
Venice,20456,4.69,213,https://www.airbnb.com/rooms/52315284
Venice,10548,New,0,https://www.airbnb.com/rooms/1569401880372347104
Venice,9141,4.87,295,https://www.airbnb.com/rooms/815638095902128615
Venice,6442,4.73,3492,https://www.airbnb.com/rooms/37706095
Venice,10196,4.75,258,https://www.airbnb.com/rooms/34437040
Venice,17579,4.91,77,https://www.airbnb.com/rooms/1294019865449183848
Venice,14847,4.7,109,https://www.airbnb.com/rooms/637512253145750991
Venice,6856,4.8,381,https://www.airbnb.com/rooms/19867565
Venice,10068,4.79,56,https://www.airbnb.com/rooms/921223036248314196
Venice,16027,4.63,483,https://www.airbnb.com/rooms/970938
Venice,10867,New,0,https://www.airbnb.com/rooms/1541491475771697139
Venice,30363,4.96,141,https://www.airbnb.com/rooms/1025887844632632988
Venice,17899,4.9,10,https://www.airbnb.com/rooms/1531108100566438927
Venice,10228,4.61,193,https://www.airbnb.com/rooms/17846101
Venice,18218,4.75,760,https://www.airbnb.com/rooms/20703738
Venice,19497,4.88,465,https://www.airbnb.com/rooms/23408595
Venice,16684,4.68,519,https://www.airbnb.com/rooms/21130243
Venice,22373,4.93,118,https://www.airbnb.com/rooms/1059406484640216493
Venice,11187,4.92,314,https://www.airbnb.com/rooms/561600445749535869
Venice,19305,4.84,96,https://www.airbnb.com/rooms/1129489948474967452
Venice,23078,New,0,https://www.airbnb.com/rooms/1575522108740980120
Venice,6521,4.34,215,https://www.airbnb.com/rooms/25220103
Venice,12593,4.57,432,https://www.airbnb.com/rooms/13189348
Venice,27807,4.95,324,https://www.airbnb.com/rooms/42454372
Venice,17259,4.6,486,https://www.airbnb.com/rooms/11614410
Venice,10356,4.41,27,https://www.airbnb.com/rooms/1441752117227801317
Venice,40271,5.0,27,https://www.airbnb.com/rooms/1485357410554440021
Venice,17579,4.74,713,https://www.airbnb.com/rooms/861429
Venice,25889,4.89,425,https://www.airbnb.com/rooms/1250065
Venice,18602,4.82,533,https://www.airbnb.com/rooms/20422641
Venice,24508,4.92,411,https://www.airbnb.com/rooms/21301149
Venice,10228,4.71,449,https://www.airbnb.com/rooms/33582466
Venice,31514,4.99,335,https://www.airbnb.com/rooms/825777015115759126
Venice,10083,New,0,https://www.airbnb.com/rooms/1583299442242994505
Venice,32209,4.97,33,https://www.airbnb.com/rooms/1067301357031315949
Venice,29724,4.97,665,https://www.airbnb.com/rooms/19546787
Venice,17142,4.98,47,https://www.airbnb.com/rooms/1432415216124661313
Venice,16013,4.97,64,https://www.airbnb.com/rooms/1147046732275847975
Venice,23779,4.78,360,https://www.airbnb.com/rooms/593175134318146055
Venice,16581,4.97,124,https://www.airbnb.com/rooms/1014918427102465880
Venice,27807,4.92,557,https://www.airbnb.com/rooms/25778576
Venice,17259,4.65,243,https://www.airbnb.com/rooms/557083097711580726
Venice,18218,4.45,333,https://www.airbnb.com/rooms/50194382
Venice,19177,4.85,441,https://www.airbnb.com/rooms/24519204
Venice,20775,4.81,197,https://www.airbnb.com/rooms/1288262491325021961
Venice,11123,4.92,12,https://www.airbnb.com/rooms/1501499408582231939
Venice,10995,4.65,159,https://www.airbnb.com/rooms/801375635949961920
Venice,18538,4.81,167,https://www.airbnb.com/rooms/2911044
Venice,14063,4.81,129,https://www.airbnb.com/rooms/1159164344326104166
Venice,16013,4.96,92,https://www.airbnb.com/rooms/1147052347625052850
Venice,12596,4.69,287,https://www.airbnb.com/rooms/886338350799947981
Venice,21031,4.72,667,https://www.airbnb.com/rooms/20703707
Venice,34199,4.9,231,https://www.airbnb.com/rooms/837762490634918618
Venice,10995,4.6,143,https://www.airbnb.com/rooms/800424008410493013
Venice,21678,4.78,418,https://www.airbnb.com/rooms/5303501
Venice,20775,4.81,492,https://www.airbnb.com/rooms/10953715
Venice,19325,4.72,225,https://www.airbnb.com/rooms/1034090103265556175
Venice,28765,4.92,428,https://www.airbnb.com/rooms/45081296
Venice,23078,4.81,478,https://www.airbnb.com/rooms/1733701
Venice,21707,4.88,367,https://www.airbnb.com/rooms/31335624
Venice,21034,4.5,114,https://www.airbnb.com/rooms/51955402
Venice,31704,4.92,149,https://www.airbnb.com/rooms/787035882963178360
Venice,11203,4.72,107,https://www.airbnb.com/rooms/837563758386626855
Venice,45776,4.96,506,https://www.airbnb.com/rooms/13180749
Venice,26327,4.82,576,https://www.airbnb.com/rooms/3576296
Venice,22373,4.89,418,https://www.airbnb.com/rooms/8019312
Venice,21734,4.69,521,https://www.airbnb.com/rooms/10803528
Venice,42892,4.98,101,https://www.airbnb.com/rooms/1073147584627293029
Venice,23971,4.74,328,https://www.airbnb.com/rooms/593322894495448943
Venice,10995,4.36,14,https://www.airbnb.com/rooms/1179785908618978667
Venice,25233,4.88,709,https://www.airbnb.com/rooms/7848012
Venice,29660,4.89,462,https://www.airbnb.com/rooms/807633
Venice,28904,4.87,158,https://www.airbnb.com/rooms/787086719246637295
Venice,27447,4.72,46,https://www.airbnb.com/rooms/1236765439430871433
Venice,28446,4.96,232,https://www.airbnb.com/rooms/36060683
Venice,28126,4.89,321,https://www.airbnb.com/rooms/14088746
Venice,30248,4.91,456,https://www.airbnb.com/rooms/352392
Venice,15955,4.96,203,https://www.airbnb.com/rooms/1109514300332624150
Venice,25599,4.95,43,https://www.airbnb.com/rooms/1028958093653493407
Venice,25058,4.81,376,https://www.airbnb.com/rooms/22841113
Venice,24199,4.79,612,https://www.airbnb.com/rooms/50031192
Venice,45257,4.93,390,https://www.airbnb.com/rooms/17647919
Venice,11203,New,0,https://www.airbnb.com/rooms/1583277387571796006
Venice,20213,4.82,884,https://www.airbnb.com/rooms/3837352
Venice,19177,4.63,537,https://www.airbnb.com/rooms/10716519
Los Angeles,7730,4.9,10,https://www.airbnb.com/rooms/39729344
Los Angeles,13561,4.94,606,https://www.airbnb.com/rooms/3751832
Los Angeles,18172,4.84,385,https://www.airbnb.com/rooms/17463360
Los Angeles,12748,4.95,110,https://www.airbnb.com/rooms/51638848
Los Angeles,14353,4.93,178,https://www.airbnb.com/rooms/756160847447205865
Los Angeles,19083,5.0,10,https://www.airbnb.com/rooms/1221805127320506402
Los Angeles,22392,5.0,32,https://www.airbnb.com/rooms/1223407702176785859
Los Angeles,15405,5.0,11,https://www.airbnb.com/rooms/1424176148638241839
Los Angeles,16219,4.94,18,https://www.airbnb.com/rooms/1489570342338361147
Los Angeles,21033,4.9,30,https://www.airbnb.com/rooms/1456252710380528195
Los Angeles,16816,4.96,361,https://www.airbnb.com/rooms/32109690
Los Angeles,15189,5.0,14,https://www.airbnb.com/rooms/1443108774223745609
Los Angeles,14831,4.76,562,https://www.airbnb.com/rooms/2601068
Los Angeles,39869,4.98,108,https://www.airbnb.com/rooms/23005349
Los Angeles,18714,4.96,164,https://www.airbnb.com/rooms/32897812
Los Angeles,28966,4.85,113,https://www.airbnb.com/rooms/1116789808044038212
Los Angeles,13561,5.0,4,https://www.airbnb.com/rooms/1432216108920587486
Los Angeles,24480,5.0,6,https://www.airbnb.com/rooms/1523455293256387842
Los Angeles,23596,4.94,221,https://www.airbnb.com/rooms/10052338
Los Angeles,26262,4.98,42,https://www.airbnb.com/rooms/1157779514728006766
Los Angeles,13561,4.84,99,https://www.airbnb.com/rooms/1120430165292763066
Los Angeles,16740,4.95,256,https://www.airbnb.com/rooms/756162800213713900
Los Angeles,24670,5.0,9,https://www.airbnb.com/rooms/1527210097067463445
Los Angeles,19563,4.74,236,https://www.airbnb.com/rooms/51872416
Los Angeles,30105,4.96,186,https://www.airbnb.com/rooms/6018598
Los Angeles,17738,4.88,490,https://www.airbnb.com/rooms/6366378
Los Angeles,22240,4.82,416,https://www.airbnb.com/rooms/8090216
Los Angeles,15660,4.84,222,https://www.airbnb.com/rooms/742736954437657604
Los Angeles,34174,4.92,13,https://www.airbnb.com/rooms/917337949513910656
Los Angeles,22132,4.88,208,https://www.airbnb.com/rooms/676244972932806014
Los Angeles,24139,4.88,40,https://www.airbnb.com/rooms/1467522758091570051
Los Angeles,16924,4.94,144,https://www.airbnb.com/rooms/1163133086053579568
Los Angeles,18606,4.95,623,https://www.airbnb.com/rooms/19721138
Los Angeles,13670,4.9,116,https://www.airbnb.com/rooms/9490751
Los Angeles,32709,5.0,52,https://www.airbnb.com/rooms/50153384
Los Angeles,37076,4.86,7,https://www.airbnb.com/rooms/1441537667622397192
Los Angeles,11717,New,0,https://www.airbnb.com/rooms/1575901916696774673
Los Angeles,33957,4.75,208,https://www.airbnb.com/rooms/33834302
Los Angeles,34747,4.86,125,https://www.airbnb.com/rooms/1118169635195232605
Los Angeles,11500,4.92,52,https://www.airbnb.com/rooms/38133321
Los Angeles,45235,5.0,7,https://www.airbnb.com/rooms/1527392414911599721
Los Angeles,39327,5.0,206,https://www.airbnb.com/rooms/12270677
Los Angeles,14375,4.91,228,https://www.airbnb.com/rooms/756164160713851863
Los Angeles,17521,5.0,17,https://www.airbnb.com/rooms/1507401303106569596
Los Angeles,16201,4.9,153,https://www.airbnb.com/rooms/742733552767646133
Los Angeles,37646,4.9,52,https://www.airbnb.com/rooms/1275461579290422929
Los Angeles,26254,4.84,367,https://www.airbnb.com/rooms/49384146
Los Angeles,9927,4.78,9,https://www.airbnb.com/rooms/1524066514294052761
Los Angeles,25007,4.97,294,https://www.airbnb.com/rooms/9184490
Los Angeles,18443,4.97,96,https://www.airbnb.com/rooms/1047381060332456533
Los Angeles,16273,4.86,745,https://www.airbnb.com/rooms/14873270
Los Angeles,18280,4.92,172,https://www.airbnb.com/rooms/52242244
Los Angeles,29834,4.97,548,https://www.airbnb.com/rooms/35749038
Los Angeles,23650,4.94,48,https://www.airbnb.com/rooms/47584329
Los Angeles,21698,4.93,179,https://www.airbnb.com/rooms/16845501
Los Angeles,26666,4.95,20,https://www.airbnb.com/rooms/1495613374342682328
Los Angeles,33387,4.97,461,https://www.airbnb.com/rooms/3898138
Los Angeles,20597,4.89,893,https://www.airbnb.com/rooms/2494793
Los Angeles,13937,4.79,122,https://www.airbnb.com/rooms/674009035164648810
Los Angeles,31841,4.89,605,https://www.airbnb.com/rooms/30492727
Los Angeles,12639,4.94,111,https://www.airbnb.com/rooms/918836805437617147
Los Angeles,32893,4.88,655,https://www.airbnb.com/rooms/13929245
Los Angeles,23054,4.86,235,https://www.airbnb.com/rooms/1488104
Los Angeles,15780,4.91,136,https://www.airbnb.com/rooms/950173283122988518
Los Angeles,21152,4.96,50,https://www.airbnb.com/rooms/1106878046282347477
Los Angeles,50765,5.0,20,https://www.airbnb.com/rooms/1430654638968490539
Los Angeles,22999,4.89,385,https://www.airbnb.com/rooms/708844079561389395
Los Angeles,42039,4.93,88,https://www.airbnb.com/rooms/1175761700034327015
Los Angeles,28207,4.95,388,https://www.airbnb.com/rooms/26453297
Los Angeles,10307,4.92,26,https://www.airbnb.com/rooms/1522920345310988117
Los Angeles,16250,5.0,13,https://www.airbnb.com/rooms/1363399115182319747
Los Angeles,12748,4.85,46,https://www.airbnb.com/rooms/833464216629886077
Los Angeles,14429,5.0,23,https://www.airbnb.com/rooms/1147150494168178718
Los Angeles,37699,4.84,49,https://www.airbnb.com/rooms/1342919743584580564
Los Angeles,45293,4.99,122,https://www.airbnb.com/rooms/943011411177646679
Los Angeles,39880,4.88,50,https://www.airbnb.com/rooms/1348820973051082801
Los Angeles,32112,4.87,349,https://www.airbnb.com/rooms/16477217
Los Angeles,31190,4.95,428,https://www.airbnb.com/rooms/22535695
Los Angeles,26471,4.93,133,https://www.airbnb.com/rooms/45861238
Los Angeles,35317,4.88,25,https://www.airbnb.com/rooms/1359171525072895766
Los Angeles,24952,4.94,273,https://www.airbnb.com/rooms/29256683
Los Angeles,38513,4.99,120,https://www.airbnb.com/rooms/983993118525375230
Los Angeles,20070,4.86,282,https://www.airbnb.com/rooms/50021953
Los Angeles,22783,4.88,224,https://www.airbnb.com/rooms/1292654
Los Angeles,16469,4.92,208,https://www.airbnb.com/rooms/756153060980557816
Los Angeles,11663,5.0,20,https://www.airbnb.com/rooms/1525173262600374814
Los Angeles,21200,4.78,27,https://www.airbnb.com/rooms/1438082679715155190
Los Angeles,27801,4.94,162,https://www.airbnb.com/rooms/726181657898671165
Los Angeles,37699,4.96,453,https://www.airbnb.com/rooms/20156281
Los Angeles,26308,4.95,277,https://www.airbnb.com/rooms/40354571
Los Angeles,34651,4.96,163,https://www.airbnb.com/rooms/1035779915644347292
Los Angeles,21698,4.86,361,https://www.airbnb.com/rooms/33536492
Los Angeles,44697,4.97,603,https://www.airbnb.com/rooms/9653615
Los Angeles,27068,4.67,941,https://www.airbnb.com/rooms/1257025
Los Angeles,24955,4.76,185,https://www.airbnb.com/rooms/49561483
Los Angeles,19745,4.94,156,https://www.airbnb.com/rooms/775537844715087964
Los Angeles,23054,4.79,500,https://www.airbnb.com/rooms/7915305
Los Angeles,46107,5.0,9,https://www.airbnb.com/rooms/1482206149760284092
Los Angeles,55366,4.98,168,https://www.airbnb.com/rooms/864540311547797669
Los Angeles,11391,4.79,268,https://www.airbnb.com/rooms/38264834
Paris,16045,New,0,https://www.airbnb.com/rooms/1557150002777668934
Paris,16301,4.82,77,https://www.airbnb.com/rooms/1091991158627578625
Paris,20334,New,0,https://www.airbnb.com/rooms/1544275042396219617
Paris,29213,5.0,3,https://www.airbnb.com/rooms/1531014500614338962
Paris,10036,4.92,52,https://www.airbnb.com/rooms/29451877
Paris,18602,4.8,319,https://www.airbnb.com/rooms/8940530
Paris,12018,New,0,https://www.airbnb.com/rooms/1559315661157237686
Paris,22949,4.93,570,https://www.airbnb.com/rooms/36276450
Paris,15981,4.84,45,https://www.airbnb.com/rooms/1028914039647429048
Paris,11826,4.87,23,https://www.airbnb.com/rooms/1511544160956594352
Paris,10755,5.0,29,https://www.airbnb.com/rooms/1375398004774427914
Paris,12785,4.97,66,https://www.airbnb.com/rooms/812762640961621834
Paris,13105,4.88,154,https://www.airbnb.com/rooms/1056373590091588973
Paris,17899,4.96,23,https://www.airbnb.com/rooms/1504097262969202743
Paris,23971,4.95,203,https://www.airbnb.com/rooms/28407314
Paris,42189,5.0,6,https://www.airbnb.com/rooms/42504278
Paris,9589,5.0,5,https://www.airbnb.com/rooms/1014535410072449729
Paris,9013,4.97,89,https://www.airbnb.com/rooms/1307205093311565527
Paris,13296,4.97,65,https://www.airbnb.com/rooms/1265848369427083816
Paris,12727,4.88,86,https://www.airbnb.com/rooms/817783108520587737
Paris,9589,4.84,90,https://www.airbnb.com/rooms/3479868
Paris,11506,4.79,34,https://www.airbnb.com/rooms/1392796576926939144
Paris,12465,4.88,26,https://www.airbnb.com/rooms/1422367369727964705
Paris,9589,4.87,287,https://www.airbnb.com/rooms/17681482
Paris,12146,4.82,45,https://www.airbnb.com/rooms/1160011933813580010
Paris,8982,4.97,78,https://www.airbnb.com/rooms/849868626288954194
Paris,76068,5.0,11,https://www.airbnb.com/rooms/49770156
Paris,27167,4.94,16,https://www.airbnb.com/rooms/1341919938685552145
Paris,17899,5.0,43,https://www.airbnb.com/rooms/840272915449322253
Paris,15981,4.94,35,https://www.airbnb.com/rooms/1406308070570265030
Paris,17899,4.91,148,https://www.airbnb.com/rooms/36087623
Paris,13424,4.86,175,https://www.airbnb.com/rooms/1144802445671123239
Paris,12785,4.87,144,https://www.airbnb.com/rooms/50142792
Paris,31536,,0,https://www.airbnb.com/rooms/1528060017334172304
Paris,10803,4.84,184,https://www.airbnb.com/rooms/41148577
Paris,19177,4.99,155,https://www.airbnb.com/rooms/41099057
Paris,33240,4.96,25,https://www.airbnb.com/rooms/1503592379031039078
Paris,9589,5.0,7,https://www.airbnb.com/rooms/1395060861786800115
Paris,25889,4.9,241,https://www.airbnb.com/rooms/18205045
Paris,17899,4.96,216,https://www.airbnb.com/rooms/49991428
Paris,11506,4.92,66,https://www.airbnb.com/rooms/1341492248416700378
Paris,9589,4.86,298,https://www.airbnb.com/rooms/17974561
Paris,15022,4.92,250,https://www.airbnb.com/rooms/637368203901771563
Paris,16301,4.93,98,https://www.airbnb.com/rooms/49869604
Paris,8630,4.8,10,https://www.airbnb.com/rooms/54290993
Paris,17579,5.0,52,https://www.airbnb.com/rooms/38061592
Paris,12785,4.82,49,https://www.airbnb.com/rooms/1361788119347001764
Paris,14703,4.9,275,https://www.airbnb.com/rooms/908595644784167925
Paris,10612,4.81,247,https://www.airbnb.com/rooms/16219327
Paris,14063,4.93,162,https://www.airbnb.com/rooms/45182596
Paris,19497,5.0,30,https://www.airbnb.com/rooms/49267066
Paris,35158,5.0,14,https://www.airbnb.com/rooms/937393557683661322
Paris,9589,5.0,8,https://www.airbnb.com/rooms/1515127238653121311
Paris,11123,5.0,10,https://www.airbnb.com/rooms/820258914863194683
Paris,13232,New,0,https://www.airbnb.com/rooms/1559308650244726078
Paris,24610,5.0,9,https://www.airbnb.com/rooms/1415384891635454002
Paris,11379,4.83,70,https://www.airbnb.com/rooms/29046703
Paris,20456,4.95,19,https://www.airbnb.com/rooms/52663379
Paris,11203,5.0,4,https://www.airbnb.com/rooms/1350162321410021197
Paris,14703,4.94,106,https://www.airbnb.com/rooms/1229817340708772105
Paris,27167,,0,https://www.airbnb.com/rooms/1469519082829607078
Paris,17579,4.93,43,https://www.airbnb.com/rooms/1146220600874298747
Paris,34518,5.0,81,https://www.airbnb.com/rooms/908556372754635521
Paris,31642,New,0,https://www.airbnb.com/rooms/1472509554261944845
Paris,25250,4.92,12,https://www.airbnb.com/rooms/1284269050030732364
Paris,13808,4.89,94,https://www.airbnb.com/rooms/886751308192616834
Paris,16301,4.86,86,https://www.airbnb.com/rooms/717839809397871980
Paris,20136,4.84,25,https://www.airbnb.com/rooms/1183282500750196995
Paris,13041,4.71,21,https://www.airbnb.com/rooms/21607792
Paris,15981,4.93,139,https://www.airbnb.com/rooms/1181144524022482852
Paris,23863,5.0,8,https://www.airbnb.com/rooms/1421714912780283704
Paris,18857,4.9,227,https://www.airbnb.com/rooms/27242082
Paris,9077,4.83,36,https://www.airbnb.com/rooms/3399142
Paris,14703,4.93,175,https://www.airbnb.com/rooms/1007329277723072281
Paris,25569,4.83,6,https://www.airbnb.com/rooms/1552278622516694691
Paris,12785,4.86,237,https://www.airbnb.com/rooms/41684233
Paris,52736,5.0,10,https://www.airbnb.com/rooms/1457053924950018574
Paris,18538,4.58,52,https://www.airbnb.com/rooms/13948099
Paris,10228,5.0,28,https://www.airbnb.com/rooms/46520204
Paris,13424,4.98,45,https://www.airbnb.com/rooms/1218014892485038758
Paris,25569,5.0,9,https://www.airbnb.com/rooms/962502230420833113
Paris,20775,4.94,17,https://www.airbnb.com/rooms/1348422275502236977
Paris,25250,4.92,77,https://www.airbnb.com/rooms/939137644530933380
Paris,12849,4.89,132,https://www.airbnb.com/rooms/34277844
Paris,25761,4.96,320,https://www.airbnb.com/rooms/23302297
Paris,15022,4.9,86,https://www.airbnb.com/rooms/1136915864592066387
Paris,25250,4.92,12,https://www.airbnb.com/rooms/1481523468839384448
Paris,21414,4.94,126,https://www.airbnb.com/rooms/1289957475011945686
Paris,19433,4.93,332,https://www.airbnb.com/rooms/53331119
Paris,30178,New,0,https://www.airbnb.com/rooms/1577757383022301236
Paris,16748,4.98,42,https://www.airbnb.com/rooms/1449839007076238656
Paris,21414,4.92,36,https://www.airbnb.com/rooms/1189791304295285296
Paris,19177,4.94,230,https://www.airbnb.com/rooms/21250378
Paris,16365,4.94,65,https://www.airbnb.com/rooms/17710287
Paris,18218,4.99,129,https://www.airbnb.com/rooms/36756069
Paris,20072,4.9,125,https://www.airbnb.com/rooms/43258063
Paris,26848,4.97,39,https://www.airbnb.com/rooms/1254805977261115874
Paris,9013,4.86,7,https://www.airbnb.com/rooms/1526360213605914614
Paris,19177,4.92,612,https://www.airbnb.com/rooms/863468
Paris,16876,4.93,138,https://www.airbnb.com/rooms/53317527
Cairo,10695,New,0,https://www.airbnb.com/rooms/1577474590524023582
Cairo,5134,4.7,66,https://www.airbnb.com/rooms/1314833467096489875
Cairo,6618,4.97,111,https://www.airbnb.com/rooms/1014860688089962549
Cairo,12359,5.0,5,https://www.airbnb.com/rooms/1531816677457566099
Cairo,7920,5.0,25,https://www.airbnb.com/rooms/1384056839356026453
Cairo,2869,4.65,57,https://www.airbnb.com/rooms/1350450973267126868
Cairo,3636,4.64,55,https://www.airbnb.com/rooms/1350139512530090811
Cairo,6005,5.0,9,https://www.airbnb.com/rooms/1502986294378705732
Cairo,9493,4.8,112,https://www.airbnb.com/rooms/1057330281505724836
Cairo,5425,4.95,43,https://www.airbnb.com/rooms/1385060229363452468
Cairo,14483,5.0,9,https://www.airbnb.com/rooms/1503661621279393515
Cairo,5967,5.0,26,https://www.airbnb.com/rooms/1072589232393024233
Cairo,3526,5.0,36,https://www.airbnb.com/rooms/1228154921031588878
Cairo,4882,4.93,109,https://www.airbnb.com/rooms/1282812561889474533
Cairo,5425,4.99,67,https://www.airbnb.com/rooms/1255931570384250221
Cairo,8951,4.87,31,https://www.airbnb.com/rooms/1189763572901670140
Cairo,15460,4.94,156,https://www.airbnb.com/rooms/1005954376288175825
Cairo,4611,4.97,29,https://www.airbnb.com/rooms/944289552529814347
Cairo,7947,5.0,7,https://www.airbnb.com/rooms/1540670094679450125
Cairo,7567,5.0,7,https://www.airbnb.com/rooms/1559429248654893625
Cairo,8319,New,0,https://www.airbnb.com/rooms/1576116856698897665
Cairo,7898,5.0,6,https://www.airbnb.com/rooms/1537829300662642384
Cairo,13904,4.9,146,https://www.airbnb.com/rooms/1150409328715597197
Cairo,13019,5.0,22,https://www.airbnb.com/rooms/1484393859401029518
Cairo,5718,4.75,104,https://www.airbnb.com/rooms/1178408381918360889
Cairo,8342,4.93,45,https://www.airbnb.com/rooms/810500635316176107
Cairo,5425,4.97,58,https://www.airbnb.com/rooms/1255931472512598656
Cairo,3743,4.91,188,https://www.airbnb.com/rooms/40327303
Cairo,8137,5.0,11,https://www.airbnb.com/rooms/1434590341624229613
Cairo,5154,5.0,34,https://www.airbnb.com/rooms/1134268383070909439
Cairo,11663,5.0,35,https://www.airbnb.com/rooms/1421138562625326712
Cairo,3526,5.0,12,https://www.airbnb.com/rooms/1371774897914738766
Cairo,4557,4.71,45,https://www.airbnb.com/rooms/1377061934440149522
Cairo,5696,4.8,15,https://www.airbnb.com/rooms/1325856744563887848
Cairo,9493,4.96,97,https://www.airbnb.com/rooms/873185899027327222
Cairo,6130,5.0,4,https://www.airbnb.com/rooms/1543484842284493657
Cairo,11175,5.0,24,https://www.airbnb.com/rooms/1324007770247138650
Cairo,3255,5.0,4,https://www.airbnb.com/rooms/1520146068037602921
Cairo,17768,5.0,46,https://www.airbnb.com/rooms/968700250640948881
Cairo,2767,5.0,6,https://www.airbnb.com/rooms/1517205429313848838
Cairo,3662,4.91,67,https://www.airbnb.com/rooms/1250017745388375898
Cairo,8582,5.0,7,https://www.airbnb.com/rooms/1537835792966548118
Cairo,10814,4.71,17,https://www.airbnb.com/rooms/1532748809880930697
Cairo,8376,5.0,15,https://www.airbnb.com/rooms/1412463623548835243
Cairo,10995,5.0,7,https://www.airbnb.com/rooms/1433194818108869158
Cairo,11506,4.98,50,https://www.airbnb.com/rooms/1402756406268182046
Cairo,7177,4.9,78,https://www.airbnb.com/rooms/1053760088271327721
Cairo,6293,4.93,14,https://www.airbnb.com/rooms/1402990800655499267
Cairo,7052,4.99,103,https://www.airbnb.com/rooms/1085464424781307787
Cairo,5615,4.88,75,https://www.airbnb.com/rooms/1013701558113280672
Cairo,11884,4.92,38,https://www.airbnb.com/rooms/1403514924758344756
Cairo,12802,4.94,17,https://www.airbnb.com/rooms/1424085784389397598
Cairo,10361,4.97,153,https://www.airbnb.com/rooms/1286436571345064111
Cairo,12858,5.0,28,https://www.airbnb.com/rooms/1318229502357720107
Cairo,9091,4.82,11,https://www.airbnb.com/rooms/1363712420216067842
Cairo,5141,4.86,35,https://www.airbnb.com/rooms/1474274401142483403
Cairo,16637,4.86,87,https://www.airbnb.com/rooms/1292757177520220344
Cairo,4394,4.9,364,https://www.airbnb.com/rooms/38691492
Cairo,12585,5.0,20,https://www.airbnb.com/rooms/1492933031452709244
Cairo,4155,5.0,9,https://www.airbnb.com/rooms/1274662455107638309
Cairo,8679,New,0,https://www.airbnb.com/rooms/1568355618079757752
Cairo,7215,5.0,5,https://www.airbnb.com/rooms/1537829390572652979
Cairo,12359,4.94,112,https://www.airbnb.com/rooms/1150448121906582003
Cairo,4394,5.0,34,https://www.airbnb.com/rooms/1228113859536428920
Cairo,4991,5.0,19,https://www.airbnb.com/rooms/1474274190441796847
Cairo,3722,5.0,5,https://www.airbnb.com/rooms/1559720619596219360
Cairo,15471,5.0,9,https://www.airbnb.com/rooms/1437347663663783784
Cairo,7323,5.0,40,https://www.airbnb.com/rooms/1074434786572459620
Cairo,6618,5.0,28,https://www.airbnb.com/rooms/588183509993718303
Cairo,9656,N/A,0,https://www.airbnb.com/rooms/1508962754614312486
Cairo,19202,4.95,169,https://www.airbnb.com/rooms/1191708492273500924
Cairo,14106,4.93,57,https://www.airbnb.com/rooms/1275524360540235562
Cairo,2713,4.93,46,https://www.airbnb.com/rooms/1276220607110830102
Cairo,6035,New,0,https://www.airbnb.com/rooms/14693664
Cairo,21152,4.97,38,https://www.airbnb.com/rooms/1455696827301343990
Cairo,7120,4.94,64,https://www.airbnb.com/rooms/1184919615432140646
Cairo,4069,4.96,23,https://www.airbnb.com/rooms/907859393692281571
Cairo,12205,4.93,15,https://www.airbnb.com/rooms/1476993545170771266
Cairo,2447,5.0,16,https://www.airbnb.com/rooms/46209158
Cairo,12205,4.87,23,https://www.airbnb.com/rooms/1412891497682341621
Cairo,6904,New,0,https://www.airbnb.com/rooms/1547285956668475709
Cairo,4394,4.97,89,https://www.airbnb.com/rooms/838842499622178330
Cairo,8435,5.0,8,https://www.airbnb.com/rooms/1537826898913582841
Cairo,3615,New,0,https://www.airbnb.com/rooms/1560902331041149110
Cairo,14498,4.88,43,https://www.airbnb.com/rooms/1091900457550813231
Cairo,8342,5.0,4,https://www.airbnb.com/rooms/1408135965693553734
Cairo,8462,5.0,53,https://www.airbnb.com/rooms/1189880387063210177
Cairo,4841,5.0,6,https://www.airbnb.com/rooms/1453207544116408094
Cairo,11676,New,0,https://www.airbnb.com/rooms/1552144069379917226
Cairo,4231,4.96,112,https://www.airbnb.com/rooms/779655919251829613
Cairo,5381,4.99,77,https://www.airbnb.com/rooms/21049675
Cairo,4611,New,0,https://www.airbnb.com/rooms/1547062824674942586
Cairo,12858,5.0,63,https://www.airbnb.com/rooms/1235291050562085618
Cairo,17087,4.96,179,https://www.airbnb.com/rooms/52314746
Cairo,5425,4.96,49,https://www.airbnb.com/rooms/1385088880964921541
Cairo,2627,4.8,35,https://www.airbnb.com/rooms/845639695364470565
Cairo,10198,4.98,42,https://www.airbnb.com/rooms/906590176217858881
Cairo,12748,5.0,35,https://www.airbnb.com/rooms/1292118143631539041
Cairo,8788,4.85,39,https://www.airbnb.com/rooms/1407889765129749092
Cairo,6893,New,0,https://www.airbnb.com/rooms/1545045290577744664
